network,station,lat,lon,elevation
CC,ARAT,46.789,-121.853,1822.44
CC,CARB,46.98832,-122.00541,872.47
CC,COPP,46.79798,-121.82875,1895.0
CC,CRBN,46.988155,-121.961026,500.08
CC,ELBE,46.76645,-122.19329,386.0
UW,FMW,46.941914,-121.671465,1897.0
CC,GNOB,46.79414,-121.91438,1659.36
CC,GTWY,46.740208,-121.916966,617.235
CC,KAUT,46.730263,-121.857381,689.0
CC,KAVK,46.76041,-122.03856,532.0
UW,LO2,46.7506,-121.8096,853.0
UW,LON,46.750599,-121.809601,853.0
UW,LTY,47.25451,-120.66636,807.0
UW,MANO,46.951105,-120.724695,1200.0
CC,MILD,46.8081,-121.77568,2015.59
UW,MOX,46.577004,-120.299609,504.2
CC,OBSR,46.899719,-121.815331,2382.0
CC,OPCH,46.731288,-121.5713,593.43
UW,PAN4H,47.17587,-123.26958,131.7
CC,PANH,46.859032,-121.642592,2086.0
CC,PARA,46.786441,-121.742195,1651.18
CC,PR01,46.910103,-122.037586,648.0
CC,PR04,46.929773,-121.988592,908.0
CC,PR05,46.841723,-121.948863,1553.0
UW,RATT,47.42546,-121.80254,442.4
UW,RCM,46.83557,-121.73318,3077.0
UW,RCS,46.87083,-121.73231,2877.0
UW,RER,46.81858,-121.8425,1751.1
CC,RUSH,46.90305,-121.94419,1235.0
CC,SIFT,46.86683,-121.95329,732.0
UW,STAR,46.850849,-121.792953,3365.0
UW,STOR,47.188099,-121.9888,272.5
CC,STYX,46.963747,-122.080535,568.31
CC,SWF2,46.178349,-122.216766,1548.0
CC,TABR,46.80435,-121.84948,1278.18
CC,TAVI,46.7957,-121.88423,1054.65
UW,TBLMT,47.1731,-120.59827,1088.3
CC,TRON,46.9977,-122.1753,252.74
CC,VOIT,46.96636,-121.98328,977.15
UW,WATCH,46.5707,-121.98712,1462.6
UW,WINDI,47.31361,-123.33229,594.0
CC,WOW,46.78003,-121.8851,875.45
UW,WPEQ,46.613279,-121.404485,1807.0
