evid,station,stage,back_azimuth,rectilinearity,incidence_angle_jurkevics,incidence_angle,travel_time_s,snr_horizontal,filter_band,datetime,magnitude
61504418,PANH,fail_incidence,263.0614659471118,0.7789168718948739,28.47088267201732,69.01697941942051,3.187163744142411,4.44289788477683,"(1.0, 5.0)",2025-07-08T14:32:42.149997711+00:00,0.4
61504428,PANH,fail_incidence,265.0172495650626,0.7158959077518579,27.126776256693933,69.71597021066856,3.097490823810761,4.083918855067884,"(1.0, 5.0)",2025-07-08T10:18:43.809997559+00:00,-0.41
61504488,PANH,fail_incidence,266.0607804620645,0.7275002005649727,35.39630425177814,67.42173714069493,3.0193957330048686,3.3067030284652774,"(2.0, 8.0)",2025-07-09T14:52:57.439998627+00:00,-0.17
61504548,PANH,fail_incidence,269.10505350330124,0.8172414244711015,33.1846882288712,63.19405670815948,3.2158094703382725,4.393106517929269,"(2.0, 8.0)",2025-07-11T19:51:03.599999905+00:00,-0.55
61504638,PANH,fail_incidence,263.0479810159567,0.7655209580108826,30.378283582631813,68.3018905982425,3.0928482578433023,2.8086692280371848,"(10.0, 45.0)",2025-07-08T12:26:33.739998102+00:00,-0.2
61504663,PANH,fail_incidence,271.3383925248527,0.6482208365495568,44.372113236788124,73.52053152433491,3.0118302017120286,5.165786607793491,"(5.0, 10.0)",2025-07-16T12:51:46.479999542+00:00,0.07
61504668,PANH,fail_incidence,264.3930335533531,0.8816002434213569,29.18136766192497,68.01422583005692,3.110454189983583,5.181121196202471,"(1.0, 5.0)",2025-07-18T14:10:04.069999695+00:00,0.4
61504683,PANH,fail_incidence,265.0355164653879,0.8318582281563767,11.512219757961617,71.7581669115233,3.290793213156213,4.635654414873029,"(1.0, 5.0)",2025-07-08T12:34:49.229999542+00:00,0.38
61504698,PANH,fail_incidence,262.0489068574344,0.7068420232144011,52.31097109393231,60.04075509884353,3.3194116081224925,3.396994194151813,"(3.0, 5.0)",2025-07-08T13:29:52.669998169+00:00,0.58
62134077,PANH,fail_incidence,263.3784000485495,0.8604209875504588,36.836608834692775,76.09319843426393,3.149827362649899,5.642780575948773,"(3.0, 5.0)",2025-07-08T05:14:01.960000038+00:00,0.34
62134227,PANH,fail_incidence,263.3726450773066,0.9049063797858005,31.80298348264624,71.27810828664498,3.111795058888912,3.5525590832138016,"(2.0, 8.0)",2025-07-08T10:15:59.739998102+00:00,0.02
62134272,PANH,fail_incidence,263.64447259746663,0.8085935452805931,34.10463514204398,72.7562614236697,3.1154376873311196,2.0829019081730356,"(1.0, 5.0)",2025-07-08T10:35:52.289997101+00:00,0.43
62134307,PANH,fail_incidence,262.6659732863252,0.812202201631196,37.05429826433265,74.3709273187616,3.162469643018142,2.9051160456824268,"(10.0, 20.0)",2025-07-08T10:51:49.860000610+00:00,0.15
62134312,PANH,fail_incidence,264.32443031238415,0.6112671547845949,35.96870955122186,72.9147000225829,3.2149890331663533,3.6142781438665033,"(3.0, 15.0)",2025-07-08T10:53:32.369998932+00:00,-0.12
62134317,PANH,fail_incidence,264.07935024469964,0.8686516560265055,32.84469989942099,70.19955970116895,3.1157402509095995,6.157101471175396,"(1.0, 5.0)",2025-07-08T10:55:08.210000038+00:00,0.48
62134327,PANH,fail_incidence,265.0352691276579,0.8403247034013084,25.400969856608853,74.32407000100876,3.1598820618699244,3.2016478374635247,"(3.0, 5.0)",2025-07-08T11:01:13.949999809+00:00,0.37
62134372,PANH,fail_incidence,262.6659732863252,0.8305108405567803,29.626982479649836,74.18243191029529,3.163359324736282,2.754356420470283,"(3.0, 15.0)",2025-07-08T11:15:11.359999657+00:00,0.61
62134407,PANH,fail_incidence,262.29451019337824,0.7223807920602969,25.30300179595399,71.08970213247632,3.1211257995730106,4.0512292137753,"(3.0, 5.0)",2025-07-08T11:36:36.329998016+00:00,0.47
62134417,PANH,fail_incidence,261.5586270030627,0.7679494467373386,33.12261256164575,72.35308283686925,3.1619874718645145,3.959442596993469,"(1.0, 5.0)",2025-07-08T11:40:32.750000+00:00,0.46
62134427,PANH,fail_incidence,261.8018373648592,0.6447233905317644,40.19992646360522,69.17842709368364,3.2147102149967184,2.7631744397877895,"(3.0, 5.0)",2025-07-08T11:41:51.669998169+00:00,0.16
62134437,PANH,fail_incidence,262.49783117492404,0.8093062137528649,6.901639846646137,65.98013239811633,3.1816789550539473,4.1409206663324465,"(1.0, 5.0)",2025-07-08T11:46:45.329998016+00:00,0.58
62134467,PANH,fail_incidence,262.53003545853477,0.9523434684306066,22.040521413267246,79.64150388299616,3.2811488370403485,3.630403105838474,"(1.0, 5.0)",2025-07-08T11:54:00.420000076+00:00,0.96
62134472,PANH,fail_incidence,262.73030377406775,0.8791930129948761,36.07489043280136,65.82608537320417,3.168241015978483,2.3823523398454265,"(3.0, 5.0)",2025-07-08T11:55:40.469997406+00:00,0.67
62134517,PANH,fail_incidence,264.7703320670247,0.7143064247188347,32.584383739178136,72.61199187748132,3.202513103880327,4.459515607568948,"(2.0, 8.0)",2025-07-08T12:04:24.489999771+00:00,0.49
62134547,PANH,fail_incidence,262.84122337198716,0.7818810343127804,34.20564216095949,69.39611709534054,3.1058138803175077,2.3892871969111655,"(5.0, 15.0)",2025-07-08T12:15:16.949998856+00:00,0.37
62134567,PANH,fail_incidence,262.74380137435696,0.8394305817961346,29.85068539018689,69.33131179144904,3.1254747114781747,4.224916572074365,"(1.0, 8.0)",2025-07-08T12:26:19.199998856+00:00,0.68
62134582,PANH,fail_incidence,263.8612017853744,0.9229801823208472,29.792403480762037,71.77964613325231,3.1095116615299,2.23574017214829,"(3.0, 15.0)",2025-07-08T12:30:53.189998627+00:00,0.43
62134622,PANH,fail_incidence,263.4996135912799,0.8128073841160671,16.5762557227259,69.97008353024367,3.1351557557245506,8.275162674715308,"(1.0, 5.0)",2025-07-08T12:53:43.340000153+00:00,0.6
62134627,PANH,fail_incidence,263.7065157634173,0.7199175887576349,38.264576111638085,71.517329712516,3.311094563079536,4.492833731620874,"(5.0, 10.0)",2025-07-08T12:52:27.149999619+00:00,0.16
62134647,PANH,fail_incidence,264.41946747735085,0.9075753644593375,17.65696871021574,74.78846088950783,3.3122306373580677,5.552884236609109,"(1.0, 5.0)",2025-07-08T13:01:16.010000229+00:00,0.7
62134677,PANH,fail_incidence,261.0933695246274,0.7233269007977297,23.09126005495944,81.96679439127188,3.1846562131649425,5.0886204723216935,"(1.0, 8.0)",2025-07-08T13:06:33.860000610+00:00,0.29
62134697,PANH,fail_incidence,263.2818496167193,0.650287587592812,62.14085167978007,75.43536372199884,3.166451751870178,4.235708605387384,"(1.0, 8.0)",2025-07-08T13:13:33.209999084+00:00,0.55
62134702,PANH,fail_incidence,264.0668900356142,0.9208357995525268,11.80679506264793,68.6870210004653,3.2689674931615706,3.979828810193946,"(1.0, 8.0)",2025-07-08T13:13:57.049999237+00:00,0.28
62134742,PANH,fail_incidence,263.3858058694544,0.8566536618128875,23.064763331601203,80.69949844131372,3.305004176098796,4.573894148055388,"(1.0, 5.0)",2025-07-08T13:43:05.839999676+00:00,0.57
62134782,PANH,fail_incidence,262.59306005847253,0.8442967470028709,32.28380303439232,72.06085056373975,3.142171366936626,3.844962835080235,"(1.0, 5.0)",2025-07-08T14:09:43.629997253+00:00,0.65
62134802,PANH,fail_incidence,263.5525091272406,0.7048202322324868,22.484812341433045,68.68146009053737,3.0863655976743956,3.4169513105633733,"(5.0, 10.0)",2025-07-08T14:20:02.559999943+00:00,0.14
62134827,PANH,fail_incidence,269.9124822609384,0.8462206106765127,33.577487785696455,74.72922602994126,3.227980358971001,1.6992500570542541,"(2.0, 8.0)",2025-07-08T14:28:44.009998322+00:00,1.13
62134867,PANH,fail_incidence,263.8787380410852,0.8256806049350013,36.39462415403708,71.53081437759211,3.1268924479358358,1.8973462511422052,"(10.0, 45.0)",2025-07-08T14:45:04.549999714+00:00,0.35
62134882,PANH,fail_incidence,262.89510354026055,0.8175863965134131,17.336951667063435,67.18721314744359,3.368146779505438,3.5686483197593484,"(1.0, 5.0)",2025-07-08T14:53:31.459999084+00:00,0.7
62134932,PANH,fail_incidence,269.19770486185985,0.8199671516191395,34.92278325107359,64.4642923836978,3.1324397841730933,3.1297434768304977,"(5.0, 10.0)",2025-07-08T15:17:49.419998169+00:00,1.02
62134937,PANH,fail_incidence,268.5551693882628,0.8682517704284526,34.58494832342374,66.39864107611551,3.2420887746181366,2.55509962751934,"(1.0, 8.0)",2025-07-08T15:18:06.059999943+00:00,-0.19
62134972,PANH,fail_incidence,268.1276330135151,0.8590784507258086,28.24783700020722,69.1692915385377,3.249535507660958,2.6677943132656905,"(1.0, 8.0)",2025-07-08T15:35:14.380000114+00:00,0.31
62135002,PANH,fail_incidence,263.97175157372305,0.8476098369290106,23.036122076783077,68.98687312526593,3.2877413479904702,3.751443809534453,"(1.0, 8.0)",2025-07-08T15:50:10.889999390+00:00,0.3
62135022,PANH,fail_incidence,263.59317673633814,0.8399424119468819,30.13999709950627,71.12603614935664,3.2076123192613553,8.193839451902845,"(1.0, 5.0)",2025-07-08T15:57:25.299999237+00:00,0.97
62135027,PANH,fail_incidence,263.31194766046514,0.8077052107901559,28.79328630840677,66.241108496231,3.361615662098736,2.726973627463709,"(3.0, 15.0)",2025-07-08T15:58:55.459999084+00:00,0.26
62135032,PANH,fail_incidence,262.709447524793,0.8579071762667596,19.36988497124537,65.15344463350829,3.3435415338988754,3.1660574395233754,"(1.0, 20.0)",2025-07-08T15:59:35.930000305+00:00,0.66
62135047,PANH,fail_incidence,264.87065910706343,0.610558860231815,20.38397470222712,70.30107890819778,3.4068518436529573,2.913781384841264,"(1.0, 5.0)",2025-07-08T16:08:03.189999819+00:00,0.16
62135097,PANH,fail_incidence,262.75084700376766,0.9621957870002934,29.003354815696923,72.79296370967624,3.1545572252427205,6.611688801280721,"(3.0, 5.0)",2025-07-08T16:29:45.979999542+00:00,0.85
62135112,PANH,fail_incidence,262.9209892465092,0.7678434292890742,25.98184012377378,72.07982590411976,3.2168273674314403,3.207810030672257,"(5.0, 10.0)",2025-07-08T16:40:05.900000095+00:00,-0.22
62135147,PANH,fail_incidence,266.1568807024976,0.8044883553729539,27.233687002208267,71.72635903224699,3.2164915369756613,3.894952716340119,"(3.0, 5.0)",2025-07-08T17:00:23.350000381+00:00,0.71
62135152,PANH,fail_incidence,262.2611206312519,0.7743226530398389,36.67074669889054,65.13526506635215,3.347090203421404,2.8263234022222647,"(3.0, 30.0)",2025-07-08T17:00:34.049999237+00:00,-0.13
62135172,PANH,fail_incidence,267.085020591646,0.8168495888591898,32.65844077281149,73.87536074871397,3.212629080632603,2.8306342993994935,"(5.0, 10.0)",2025-07-08T17:04:05.819999695+00:00,1.28
62135177,PANH,fail_incidence,267.4661157441858,0.8476464259936568,24.11023811426139,69.89802554269227,3.2768657742221197,3.2900041027817055,"(5.0, 15.0)",2025-07-08T17:04:54.750000+00:00,0.19
62135187,PANH,fail_incidence,266.52819292996213,0.737708414015718,20.78056207240894,75.49301291009941,3.1155611159322096,2.8684886027611505,"(3.0, 5.0)",2025-07-08T17:07:54.419998169+00:00,0.34
62135262,PANH,fail_incidence,261.62479385993015,0.803039223901391,25.374819650261593,69.31371151690351,3.1051028328985493,4.618957334061491,"(3.0, 15.0)",2025-07-08T17:52:16.299999237+00:00,0.81
62135297,PANH,fail_incidence,265.1216352486209,0.7655603889755526,52.49556361438873,75.55536708586045,3.0681416988311936,5.917309313148117,"(1.0, 5.0)",2025-07-08T18:07:59.689998627+00:00,0.79
62135387,PANH,fail_incidence,264.11265057995,0.7623995878590086,54.96936717487339,74.68294454973625,3.054365630948895,3.6661166173154314,"(1.0, 20.0)",2025-07-08T19:11:55.090000153+00:00,0.35
62135392,PANH,fail_incidence,263.0405427666988,0.84784974476314,33.443499342652906,67.02748149057767,3.390976575468773,3.197750917301981,"(1.0, 8.0)",2025-07-08T19:15:04.849999905+00:00,0.53
62135407,PANH,fail_incidence,263.39562852678927,0.8971397322987086,25.854621572270798,67.10354680797944,3.0770666508960938,7.2958267977581786,"(1.0, 5.0)",2025-07-08T19:20:07.809999943+00:00,1.06
62135422,PANH,fail_incidence,269.4418825299295,0.8345170406906555,27.013800189344362,66.52870107231382,3.1741428255351094,2.1574739756182773,"(1.0, 5.0)",2025-07-08T19:31:49.369998932+00:00,0.28
62135447,PANH,fail_incidence,268.64660074686844,0.7538061644351177,26.629333020704852,70.12555384535287,3.160743578113893,3.1241415113015005,"(3.0, 5.0)",2025-07-08T19:36:37.319999695+00:00,0.6
62135452,PANH,fail_incidence,268.9766985280321,0.8481402678100227,30.8521621137727,66.50549198113131,3.1386444143205603,3.3332965803542254,"(5.0, 30.0)",2025-07-08T19:38:36.619998932+00:00,0.49
62135462,PANH,fail_incidence,269.44456083313656,0.8161892934596764,28.653550391665714,68.39042566503888,3.1499492877771886,3.2702651280336696,"(1.0, 5.0)",2025-07-08T19:44:12.300000191+00:00,0.72
62135467,PANH,fail_incidence,267.55355735761395,0.8752126569956578,32.32005325255641,67.95603732679773,3.2516307062677985,2.3082314138237745,"(1.0, 5.0)",2025-07-08T19:50:05.679999828+00:00,1.26
62135487,PANH,fail_incidence,263.5971458020223,0.7823408580261334,25.083811650763927,71.96146565700292,3.0657019148273674,6.048771868421784,"(1.0, 5.0)",2025-07-08T20:08:03.230000019+00:00,1.0
62135497,PANH,fail_incidence,262.97577043200187,0.8522689196086216,17.48767605571929,66.43780214793368,3.35008267073991,2.9566771449825877,"(1.0, 5.0)",2025-07-08T20:14:08.779999495+00:00,1.02
62135557,PANH,fail_incidence,261.0015409061969,0.8409302464761992,7.585371799626906,79.33911174581044,3.2752517694011694,5.3440480249976385,"(1.0, 8.0)",2025-07-08T20:40:49.979999542+00:00,0.62
62135627,PANH,fail_incidence,263.4516753732446,0.7251276704691267,37.49696192348042,81.89826503076371,3.2830824883150824,3.3615679882155716,"(1.0, 5.0)",2025-07-08T21:36:34.450000763+00:00,0.52
62135637,PANH,fail_incidence,263.6382892868674,0.8565917080589435,35.19546518395479,69.43054788560353,3.2865416870724644,3.866453993429455,"(1.0, 8.0)",2025-07-08T21:49:09.429999352+00:00,0.57
62135652,PANH,fail_incidence,265.0727289430224,0.7714731105077445,33.63069730301494,82.84720601432113,3.2257719338621613,5.6271708554335484,"(5.0, 10.0)",2025-07-08T21:55:55.579998016+00:00,1.05
62135667,PANH,fail_incidence,267.2326069534419,0.814349187962097,23.866659817126344,68.99652637061395,3.2728324497498376,,None,2025-07-08T22:01:57.539997101+00:00,1.63
62135692,PANH,fail_incidence,264.56790137916397,0.8067161410040651,17.65634059163237,72.45085769625055,3.049005048216371,4.613920804477912,"(1.0, 5.0)",2025-07-08T22:46:09.090000153+00:00,0.53
62135702,PANH,fail_incidence,264.0364850968609,0.9208151097750756,13.993388761486216,75.23385962517233,3.07787191724353,6.898919567840641,"(5.0, 10.0)",2025-07-08T22:50:56.219997406+00:00,0.91
62135837,PANH,fail_incidence,266.14018287008497,0.8595401884875057,29.75370276041575,71.27421073231243,3.2773890315022047,4.871588123631889,"(3.0, 5.0)",2025-07-09T00:02:36.200000763+00:00,1.05
62135887,PANH,fail_incidence,263.36807177036064,0.9630462248018311,25.024218121673893,70.54922672960967,3.320892757943637,2.8601653846259145,"(5.0, 30.0)",2025-07-09T00:25:26.129999161+00:00,0.81
62135897,PANH,fail_incidence,261.90831067296733,0.683541285856633,26.39605504929809,70.47054992075293,3.4020144558906504,4.772517986150033,"(2.0, 8.0)",2025-07-09T00:31:56.319999695+00:00,0.49
62135902,PANH,fail_incidence,262.1829220595404,0.8817200309790786,30.739729271523334,72.60825046271101,3.330968421332078,3.6702471469675375,"(1.0, 20.0)",2025-07-09T00:39:46.649997711+00:00,0.73
62135917,PANH,fail_incidence,264.71193047262494,0.8410952790420626,26.173799537147318,72.39402520044987,3.2977466617579396,2.9611552015484044,"(1.0, 5.0)",2025-07-09T00:49:47.649997711+00:00,0.73
62135932,PANH,fail_incidence,263.646088692581,0.8086125542357253,35.36512411917633,73.94877938000177,3.2173518918122532,3.7067822997963527,"(5.0, 15.0)",2025-07-09T01:11:16.079999924+00:00,0.3
62135972,PANH,fail_incidence,267.23641996842593,0.8412506810086766,26.955765433622414,69.48695148268779,3.255292288182484,5.732823335318736,"(3.0, 5.0)",2025-07-09T01:40:02.650000095+00:00,0.34
62136037,PANH,fail_incidence,265.43251482227265,0.9454504809827852,22.009387736807806,73.03383727370873,3.1060502859721995,5.307375749486426,"(1.0, 5.0)",2025-07-09T03:11:17.340000153+00:00,0.91
62136042,PANH,fail_incidence,262.9943965046848,0.9106252699889485,26.766973636704886,74.21323568052829,3.337712221228554,3.038805821719709,"(1.0, 5.0)",2025-07-09T03:17:23.100000381+00:00,0.59
62136072,PANH,fail_incidence,262.767734560524,0.7671570431472162,31.831927372336686,77.27302998694378,3.1949700800282415,3.693629384848688,"(2.0, 8.0)",2025-07-09T04:32:20.069999695+00:00,0.57
62136077,PANH,fail_incidence,263.64851088013575,0.8833089579852974,36.15704381229848,70.82618105010113,3.384955025070221,3.7882564807178776,"(1.0, 15.0)",2025-07-09T04:32:55.379997253+00:00,0.42
62136097,PANH,fail_incidence,265.66269324157315,0.8579889520738314,21.686257250667644,68.42803073374165,3.2870712036356555,4.4350479544326955,"(1.0, 5.0)",2025-07-09T04:46:02.289999962+00:00,0.8
62136102,PANH,fail_incidence,266.3265250239287,0.9436268625674802,21.197258631988053,67.99495424782396,3.279021517900078,5.191420408864429,"(3.0, 5.0)",2025-07-09T04:53:39.869998932+00:00,0.81
62136142,PANH,fail_incidence,267.90234270472973,0.7014146826986976,52.65217538907834,83.2760160661265,3.049520066689174,4.229490518708756,"(5.0, 10.0)",2025-07-09T05:43:34.279998779+00:00,0.48
62136157,PANH,fail_incidence,265.32562853842154,0.9147047695758058,20.653984913368973,67.22905705257612,3.3404113265026227,3.9637087571621645,"(1.0, 5.0)",2025-07-09T06:21:40.360000610+00:00,0.55
62136167,PANH,fail_incidence,265.6111849499802,0.824922933051959,23.887236313495606,78.61107722346632,3.287759673747225,5.038389769721159,"(3.0, 5.0)",2025-07-09T06:32:48.610000610+00:00,0.31
62136177,PANH,fail_incidence,262.1384866344955,0.7522687549943858,25.12043740032463,73.38107131298668,3.1466070042815875,4.688398072378849,"(1.0, 8.0)",2025-07-09T06:44:32.389999390+00:00,0.73
62136192,PANH,fail_incidence,264.0227875323832,0.8316466763731054,24.937183047587432,76.3678012746342,3.343082400685271,5.187875676867453,"(1.0, 8.0)",2025-07-09T06:49:58.779998779+00:00,0.45
62136197,PANH,fail_incidence,263.55979042016156,0.7609903766723392,33.627447699992985,82.73651033129,3.223156803774618,3.1540064346391268,"(3.0, 5.0)",2025-07-09T06:54:20.689998627+00:00,0.17
62136212,PANH,fail_incidence,263.08682196855085,0.8158101595794041,27.309133823181075,65.64103743465097,3.0777551017532323,5.441486883474969,"(2.0, 8.0)",2025-07-09T07:18:01.130000114+00:00,1.39
62136242,PANH,fail_incidence,267.8837353420174,0.8215242597830571,32.680376678761846,57.41317359074982,3.198827308734962,5.124419481902974,"(3.0, 5.0)",2025-07-09T07:45:33.869998932+00:00,0.65
62136272,PANH,fail_incidence,269.5419410711673,0.8272001439028738,28.129153529711438,66.50470286258182,3.0982610452771,6.352692629872677,"(1.0, 5.0)",2025-07-09T07:52:24.029998779+00:00,0.8
62136277,PANH,fail_incidence,268.07230953769437,0.8189369869832555,24.964330923914932,63.79355742469276,3.0739929758106195,4.142715742090472,"(1.0, 8.0)",2025-07-09T08:07:06.750000+00:00,0.71
62136317,PANH,fail_incidence,263.7650543225126,0.9417531007796289,33.45650558810544,66.78217656982528,3.3584166857590714,5.436003716160764,"(5.0, 10.0)",2025-07-09T09:32:46.469997406+00:00,0.69
62136332,PANH,fail_incidence,264.2165641453887,0.914171480492582,25.161927862134892,67.27835334508909,3.3500552976885407,2.691566556068705,"(5.0, 30.0)",2025-07-09T09:57:14.449999809+00:00,0.18
62136382,PANH,fail_incidence,265.68162649138844,0.8865680812819955,22.858659026771083,60.300503555662885,3.460629760500149,3.413372630403221,"(2.0, 8.0)",2025-07-09T11:21:46.829998016+00:00,-0.05
62136392,PANH,fail_incidence,263.3208289878948,0.6892314415492862,16.317157542606264,72.73888940400421,3.3389315026956665,5.6085479047558096,"(2.0, 8.0)",2025-07-09T11:56:33.250000+00:00,0.17
62136402,PANH,fail_incidence,263.99619431970757,0.9495153900831085,23.710188356553665,68.68051779490965,3.3093369351495485,3.7342506263614874,"(1.0, 5.0)",2025-07-09T12:07:33.919998169+00:00,0.22
62136407,PANH,fail_incidence,263.5041607534479,0.8663556272091415,23.590171642494198,65.55851989360418,3.346941337424588,2.935170449105749,"(3.0, 30.0)",2025-07-09T12:09:24.449998856+00:00,0.39
62136437,PANH,fail_incidence,263.99101181930024,0.9701576662350228,22.208189093220728,67.11598813423348,3.3532339586288598,4.425275138610592,"(1.0, 8.0)",2025-07-09T12:28:54.479999542+00:00,0.99
62136482,PANH,fail_incidence,262.89510354026055,0.92543223170786,35.0229098436215,66.79057195138243,3.3736540703102205,2.9461001118361043,"(1.0, 5.0)",2025-07-09T13:12:12.029999495+00:00,0.56
62136497,PANH,fail_incidence,260.99319829604747,0.685060994768206,33.08194148001059,74.2242018527027,3.1661394810155747,4.877968965101095,"(1.0, 8.0)",2025-07-09T13:22:05.170000076+00:00,0.46
62136507,PANH,fail_incidence,262.12622546173026,0.8799952767708531,35.224237259918695,66.13917831825339,3.3864174658921664,3.98427857964881,"(3.0, 30.0)",2025-07-09T13:24:28.599998474+00:00,0.58
62136627,PANH,fail_incidence,265.4766445151743,0.8405033924320908,23.80731936607165,62.95279109967111,3.39667299394208,2.6419146049943407,"(1.0, 8.0)",2025-07-09T15:19:12.599999428+00:00,0.05
62136692,PANH,fail_incidence,264.5361112514426,0.7684741955968794,15.804319477932443,64.13853866662224,3.4110395619077973,3.2894934355747116,"(10.0, 20.0)",2025-07-09T16:08:40.930000305+00:00,0.48
62136697,PANH,fail_incidence,268.43334180316435,0.8379768247424507,25.66044078669191,64.3840617010714,3.2577588554132153,3.4841095219094775,"(5.0, 10.0)",2025-07-09T16:10:11.719999313+00:00,0.18
62136702,PANH,fail_incidence,269.317415408298,0.8638918175744168,34.96478510803559,64.98428460290349,3.1459984729771877,3.228136732008591,"(5.0, 10.0)",2025-07-09T16:11:46.389999390+00:00,0.73
62136722,PANH,fail_incidence,263.2388926392702,0.8718199609373263,27.261587441411063,67.00098252381478,3.384344409752655,4.175442249809193,"(1.0, 5.0)",2025-07-09T16:26:46.649997711+00:00,0.51
62136777,PANH,fail_incidence,262.3458328612273,0.8216676162789603,12.769040646970817,63.947860714826945,3.420114329648805,3.3037453861187585,"(3.0, 30.0)",2025-07-09T16:46:00.359999895+00:00,0.58
62136852,PANH,fail_incidence,271.51458975940375,0.8224855593042952,23.373600305721677,61.57723576448076,3.1815104830511376,3.142069689155627,"(2.0, 8.0)",2025-07-09T17:52:18.539999008+00:00,0.47
62136867,PANH,fail_incidence,269.56578603546615,0.9706932188852492,24.074288101998217,69.57720905310718,3.1960079011478615,3.434528306973902,"(5.0, 15.0)",2025-07-09T18:00:44.549999237+00:00,0.77
62136872,PANH,fail_incidence,269.90044752053655,0.8807771244922377,38.807023496507654,61.33605366899075,3.105463443715127,4.10456324344967,"(5.0, 10.0)",2025-07-09T18:02:03.349999905+00:00,0.64
62136912,PANH,fail_incidence,264.14662409907805,0.920577694034486,25.05665363482002,68.69414592584889,3.3715473299096366,4.576034795057343,"(1.0, 5.0)",2025-07-09T18:30:51.270000458+00:00,1.15
62137007,PANH,fail_incidence,264.4856682549961,0.759615675377264,26.461768232199166,68.97228694498732,3.375461301074106,3.331560933489592,"(3.0, 15.0)",2025-07-09T19:31:17.520000458+00:00,0.38
62137022,PANH,fail_incidence,265.22665551369255,0.5567200280304203,13.291992151994663,67.82293116017081,3.099421421840934,5.583754230742873,"(2.0, 8.0)",2025-07-09T19:33:16.899999619+00:00,0.27
62137027,PANH,fail_incidence,268.88243043790175,0.837614025347029,27.86145997032624,63.98544354119102,3.2392335778934003,3.588531497736467,"(10.0, 45.0)",2025-07-09T19:33:29.369998932+00:00,0.73
62137107,PANH,fail_incidence,264.3685353403009,0.9011041301180535,48.220369342011246,67.58244521705646,3.076142256238781,6.760230809752069,"(3.0, 5.0)",2025-07-09T20:08:20.930000305+00:00,0.33
62137127,PANH,fail_incidence,264.0278393268012,0.812075752598015,33.79471738538246,68.690862751332,3.0938041844690938,5.65025843725451,"(1.0, 5.0)",2025-07-09T20:17:01.390000105+00:00,0.55
62137177,PANH,fail_incidence,262.99163194907646,0.7937111639577361,37.637838142489386,70.830921389252,3.291342682815421,9.589962083298081,"(1.0, 5.0)",2025-07-09T21:23:07.699999809+00:00,0.84
62137407,PANH,fail_incidence,264.76821075782055,0.8515646482674646,25.92670884955403,66.71639874159398,3.3629938742072123,3.9681168911203617,"(3.0, 15.0)",2025-07-09T23:44:28.119998932+00:00,1.37
62137497,PANH,fail_incidence,263.81864191048055,0.8924298319285349,23.34879462724779,66.36249990454827,3.29355493669561,2.351797359881434,"(5.0, 30.0)",2025-07-10T00:24:22.209999084+00:00,0.97
62137512,PANH,fail_incidence,264.4564352237463,0.7267397650312215,37.445828131317136,67.96073659142853,3.3628537395069555,3.4362074497203343,"(1.0, 20.0)",2025-07-10T00:33:12.199999809+00:00,-0.03
62137807,PANH,fail_incidence,264.5574561414837,0.8919040405911333,27.897679089335735,71.54007840873238,3.4049291140344,2.5470434199309695,"(1.0, 20.0)",2025-07-10T02:45:10.099999428+00:00,0.27
62137872,PANH,fail_incidence,264.68334693256367,0.828256036219808,12.700164248575074,69.38146234958941,3.3075339301700115,2.30618742385482,"(1.0, 20.0)",2025-07-10T03:45:04+00:00,0.17
62137882,PANH,fail_incidence,263.3296873442063,0.8750381718072276,30.719801752684074,67.18242821524771,3.3579715037743068,1.9363635086910906,"(1.0, 5.0)",2025-07-10T03:47:20.479999542+00:00,0.17
62137907,PANH,fail_incidence,261.8015683382876,0.8757768373463067,20.15100139801105,64.00560370481766,3.4279979181152838,4.451840355827892,"(1.0, 8.0)",2025-07-10T04:38:25.100000381+00:00,0.63
62137922,PANH,fail_incidence,268.60802872699736,0.8343268565901467,28.698593550220732,71.55297893354195,3.091693725580391,6.0936190282035465,"(2.0, 8.0)",2025-07-10T05:01:19.209999084+00:00,0.61
62137957,PANH,fail_incidence,265.00279157929776,0.844089198931919,29.925659284434946,69.19196497255932,3.087003531545493,4.257633781636179,"(1.0, 8.0)",2025-07-10T05:28:40.700000763+00:00,0.96
62137962,PANH,fail_incidence,263.8699821481759,0.7947888270422407,26.587997518920748,70.12074224065226,3.1393416998552794,5.639650041351333,"(1.0, 8.0)",2025-07-10T05:27:08.889999390+00:00,0.35
62137972,PANH,fail_incidence,270.01922713297864,0.8522966122144142,28.99501218576708,72.66003484708902,3.030649865636759,3.7128622028939686,"(1.0, 5.0)",2025-07-10T05:34:02.539999962+00:00,0.44
62137977,PANH,fail_incidence,263.86886537355844,0.80552191321041,13.264565156918623,68.15513610336073,3.3056013178548684,2.880532803889868,"(5.0, 30.0)",2025-07-10T05:35:27.899999619+00:00,0.51
62138042,PANH,fail_incidence,264.1721688295912,0.8547794237383816,44.67803375288268,75.59915887179221,3.0833634994231436,5.748342281566167,"(1.0, 5.0)",2025-07-10T06:40:57.649997711+00:00,0.29
62138057,PANH,fail_incidence,268.5675200093402,0.8350803771681778,34.287486299731256,60.87491648548412,3.2808365715651284,3.134318910159158,"(10.0, 45.0)",2025-07-10T07:08:49.950000763+00:00,0.7
62138112,PANH,fail_incidence,271.76014957709305,0.7806731932323031,21.247940352984266,67.19703788019349,3.140029341940337,3.5259933846828044,"(5.0, 10.0)",2025-07-10T08:17:21.029998779+00:00,0.4
62138122,PANH,fail_incidence,270.0203479654759,0.8405737295313751,27.094966581506092,69.3223515369331,3.1008038619828358,3.6541258600572277,"(1.0, 8.0)",2025-07-10T08:37:34.040000916+00:00,0.2
62138127,PANH,fail_incidence,269.5372451491451,0.8467363422668746,27.412542320246786,65.41629570121034,3.0399485346276456,7.261304546922462,"(3.0, 5.0)",2025-07-10T08:38:07.559999943+00:00,0.77
62138147,PANH,fail_incidence,264.66894225829424,0.9160820007735869,20.496777750346872,62.96805421505246,3.312582674396538,2.710787731342843,"(10.0, 20.0)",2025-07-10T09:19:28.909999847+00:00,0.31
62138152,PANH,fail_incidence,264.31658008697417,0.7465196572326358,16.640880535025346,64.83703268930752,3.2409964582291244,2.651554058500133,"(10.0, 20.0)",2025-07-10T09:26:54.299999237+00:00,0.7
62138157,PANH,fail_incidence,265.0585296947005,0.9541922658608311,21.8103535526361,63.66885534379576,3.4051041981081007,3.776790993717891,"(1.0, 20.0)",2025-07-10T09:40:26.819999695+00:00,0.37
62138187,PANH,fail_incidence,270.9360487350952,0.8237447400953444,30.911342202375774,70.88468790977421,3.158877108356229,4.066490599596491,"(1.0, 8.0)",2025-07-10T10:30:46.909999847+00:00,0.33
62138202,PANH,fail_incidence,263.5386975982405,0.8658972289205179,29.140197309475536,66.31344973907152,3.363222041120929,3.527390253621431,"(1.0, 5.0)",2025-07-10T10:40:53.069999695+00:00,0.62
62138207,PANH,fail_incidence,261.19061258502023,0.8302569022058092,24.972299302374907,70.44316889678817,3.1232300235761636,10.63132383398604,"(3.0, 5.0)",2025-07-10T10:57:29.689998627+00:00,0.85
62138227,PANH,fail_incidence,270.13586440373473,0.8524723435106321,25.15985608556073,61.5191512893416,3.304742930834196,3.8174225374830977,"(5.0, 10.0)",2025-07-10T11:26:48.469997406+00:00,0.08
62138232,PANH,fail_incidence,264.215459967683,0.7704157495848557,32.67241974286985,66.62839617662806,3.0807976589347783,4.914045156911129,"(1.0, 5.0)",2025-07-10T11:29:20.100000381+00:00,0.62
62138237,PANH,fail_incidence,262.33385426016645,0.5571754277118706,15.434481270212807,69.98711613775987,3.2375354508428993,3.1695452128504646,"(3.0, 5.0)",2025-07-10T11:31:48.289997101+00:00,0.28
62138272,PANH,fail_incidence,264.16228449318703,0.805172332502836,32.13575828188879,64.87557413514998,3.348372359983414,3.3299372864950256,"(3.0, 15.0)",2025-07-10T12:48:08.179999352+00:00,0.86
62138277,PANH,fail_incidence,262.54024755629194,0.810546016471876,25.987934666497058,63.77343401725296,3.0659635297257295,4.002153899938832,"(1.0, 5.0)",2025-07-10T12:54:23.699998856+00:00,0.49
62138282,PANH,fail_incidence,263.0322158942412,0.7808203760580017,53.210621541804166,67.27480072206876,3.201137304267084,6.750494141048042,"(1.0, 5.0)",2025-07-10T12:59:36.770000458+00:00,0.17
62138307,PANH,fail_incidence,263.2299409400187,0.8349096951494009,35.16310529364316,67.41742700289825,3.3542618273230214,8.419234567631964,"(1.0, 8.0)",2025-07-10T13:30:24.699998856+00:00,0.66
62138327,PANH,fail_incidence,263.2218510150715,0.8722109315402429,13.691179718509536,63.73806134389657,3.329509519432767,2.7656534721809445,"(3.0, 15.0)",2025-07-10T14:09:09.939999580+00:00,1.32
62138332,PANH,fail_incidence,270.61516845405737,0.809520074227454,30.065778768643813,61.57002439657351,3.102553648849516,7.160879821792372,"(3.0, 5.0)",2025-07-10T14:12:42.009998322+00:00,0.4
62138437,PANH,fail_incidence,263.15748650876424,0.7933271887661328,33.14552348896692,59.317323984251566,3.4158963311449457,5.193952793202085,"(1.0, 20.0)",2025-07-10T16:04:08.199999809+00:00,0.37
62138512,PANH,fail_incidence,263.12140857003186,0.8714348791393642,26.43691653675344,67.64072620881326,3.360271635650881,2.7393408302635005,"(1.0, 20.0)",2025-07-10T17:07:40.989998102+00:00,0.65
62138522,PANH,fail_incidence,261.2485402062559,0.8002854021900081,30.709082044528557,67.48135959640089,3.18449590253926,12.390419773697047,"(1.0, 15.0)",2025-07-10T17:13:40.659999847+00:00,1.22
62138577,PANH,fail_incidence,271.04110903381905,0.6786709262060802,38.59273266477984,65.1725132620293,3.23733939332326,4.862753912785543,"(3.0, 5.0)",2025-07-10T17:53:25.459999084+00:00,0.23
62138667,PANH,fail_incidence,266.78948577057884,0.8424670149747914,28.330899372965618,61.04026304518056,3.160529332200689,2.4999567626419057,"(3.0, 5.0)",2025-07-10T19:00:19.829999924+00:00,0.78
62138687,PANH,fail_incidence,266.94481808167956,0.8728614706323702,32.70416921227077,62.724625708840016,3.174638652813082,2.5399753811065686,"(3.0, 5.0)",2025-07-10T19:08:22.139999390+00:00,0.67
62138742,PANH,fail_incidence,267.65699049983726,0.8224585147040014,30.173156080893765,62.680163945871,3.174953842635218,2.8501079226567336,"(1.0, 5.0)",2025-07-10T19:35:14.340000153+00:00,0.47
62138837,PANH,fail_incidence,265.281660916263,0.9548784978180793,10.832898336111182,65.41486929612144,3.3291478888527823,4.212977472112732,"(1.0, 5.0)",2025-07-10T20:32:21.959999084+00:00,1.25
62138892,PANH,fail_incidence,264.35170310780154,0.876817888586529,19.609946273364812,63.29256020814023,3.3173195863040545,4.720333660210535,"(1.0, 20.0)",2025-07-10T21:17:27.299999237+00:00,2.04
62138917,PANH,fail_incidence,270.02381418628795,0.8254481594045261,34.0187075394586,67.89634012427169,3.2452141564805608,3.629542768692517,"(3.0, 5.0)",2025-07-10T21:30:28.500000+00:00,0.22
62139162,PANH,fail_incidence,261.72934205930477,0.8658491051172267,33.36894924799727,52.59732948842916,3.2122561575853523,4.806348901946846,"(2.0, 8.0)",2025-07-11T00:11:33.369998932+00:00,1.22
62139277,PANH,fail_incidence,263.93529008478447,0.803653528834139,19.311289482323517,69.81922295746016,3.097975932183991,5.9235770397115886,"(1.0, 8.0)",2025-07-11T03:12:29.859998703+00:00,0.41
62139312,PANH,fail_incidence,265.1916440282506,0.8767570120384374,32.01610412627737,73.4641142049815,3.0466993002739806,4.3849732161737895,"(1.0, 5.0)",2025-07-11T04:30:49.239998102+00:00,1.22
62139317,PANH,fail_incidence,263.56436619720864,0.9267903639760938,19.084363911389907,67.65536858755671,3.3606021041991396,2.9101940659684082,"(1.0, 20.0)",2025-07-11T04:37:48.860000610+00:00,0.53
62139342,PANH,fail_incidence,263.7526602581169,0.9240812695472694,25.291399842204168,72.07249595259042,3.1166623314699247,5.569587884912545,"(1.0, 8.0)",2025-07-11T05:18:05.259999751+00:00,0.48
62139357,PANH,fail_incidence,262.6334285913989,0.783386581896865,25.955924512983138,70.27899279102552,3.2013440635022876,4.166715200126394,"(3.0, 5.0)",2025-07-11T06:05:17.569999695+00:00,0.07
62139377,PANH,fail_incidence,264.5654193135282,0.8111255074647762,43.84352495432781,70.02836008034173,3.296236096602103,6.664855311387292,"(3.0, 5.0)",2025-07-11T07:10:51.139999390+00:00,0.46
62139382,PANH,fail_incidence,262.80190002050875,0.7966518103740956,12.551512944685786,70.13885752645895,3.412808476295852,2.6563637783693506,"(3.0, 15.0)",2025-07-11T07:14:08.960000038+00:00,0.1
62139397,PANH,fail_incidence,267.25501534849457,0.9120042495913212,30.024767131353887,60.59694609348305,3.139116350633698,2.7334654401787786,"(1.0, 15.0)",2025-07-11T07:36:01.230000019+00:00,1.68
62139407,PANH,fail_incidence,262.6702716407925,0.8665244774349677,13.89098501088028,70.27257088931817,3.312560811578564,2.514842977814499,"(1.0, 20.0)",2025-07-11T07:53:07.089999676+00:00,1.11
62139417,PANH,fail_incidence,270.4772029481208,0.8643320675416098,36.294255952416975,71.9842752151941,3.1767208598322134,3.8983597620078427,"(5.0, 10.0)",2025-07-11T08:12:41.129997253+00:00,0.74
62139432,PANH,fail_incidence,262.95302533983323,0.823962831197427,31.52113346671026,72.96227296308194,3.1355982718709203,5.631328071163372,"(1.0, 5.0)",2025-07-11T08:18:52.309997559+00:00,0.27
62139437,PANH,fail_incidence,268.57613181088675,0.8567074230334892,26.173527619761877,65.42986707619627,3.092631202161362,2.7291671711808063,"(1.0, 8.0)",2025-07-11T08:24:00.849999905+00:00,0.51
62139442,PANH,fail_incidence,271.27690082394696,0.8606815322050075,29.093023098261714,70.4466845160072,3.1743918392546813,3.587658408766031,"(10.0, 20.0)",2025-07-11T08:28:01.159999847+00:00,0.37
62139467,PANH,fail_incidence,270.02327478435444,0.7979188793587968,30.648186732919132,65.94402261724467,3.221266848244407,2.396850510638964,"(10.0, 20.0)",2025-07-11T10:00:41.579998016+00:00,0.35
62139772,PANH,fail_incidence,264.63077646962483,0.900802069071235,25.20631430304895,65.35964989237549,3.3585842965383383,4.724345861184969,"(1.0, 5.0)",2025-07-11T19:51:25.100000381+00:00,1.54
62139782,PANH,fail_incidence,263.1282348640458,0.8008192913151232,30.34161558507847,72.96636317332803,3.1638644406619156,3.58892392328283,"(10.0, 20.0)",2025-07-11T19:53:00.799999952+00:00,0.38
62139797,PANH,fail_incidence,268.8889839000152,0.9174930482039662,33.23363184007083,65.37692869589335,3.2262426801655693,4.641902277185158,"(1.0, 8.0)",2025-07-11T20:01:17.049999237+00:00,0.85
62139807,PANH,fail_incidence,270.6960932128928,0.8375846557528894,27.43957930847086,73.92658301432128,3.211483209633713,6.921666096035256,"(5.0, 10.0)",2025-07-11T20:04:14.909999847+00:00,0.78
62139862,PANH,fail_incidence,263.698431462808,0.9322610174529332,9.667264925325508,66.60918338546118,3.1704317607080057,4.078316064617853,"(1.0, 5.0)",2025-07-11T21:47:30.969999313+00:00,0.61
62139947,PANH,fail_incidence,262.1321751024322,0.8934550837448435,21.945265128350936,69.28696136956428,3.123554527913264,4.621655401789087,"(1.0, 8.0)",2025-07-11T23:35:13.899999619+00:00,0.72
62139962,PANH,fail_incidence,263.7551990775693,0.7809295594115053,22.068699257641157,69.37792535528801,3.0423213168141685,3.948609160446228,"(1.0, 8.0)",2025-07-11T23:52:04.269999981+00:00,1.61
62140082,PANH,fail_incidence,268.13750829824863,0.8564701063730095,30.95644091614891,71.74021404024779,3.0944957519920844,3.038177764032457,"(2.0, 8.0)",2025-07-12T02:57:21+00:00,0.43
62140122,PANH,fail_incidence,273.3511557785247,0.810668313986187,39.15300486392197,69.95356644482307,3.2226452060070265,8.33932227534632,"(5.0, 10.0)",2025-07-12T05:02:06.519999981+00:00,0.58
62140162,PANH,fail_incidence,263.157630609929,0.8628669300903558,30.44553603597388,76.90377176041855,3.3566975185360093,5.746849311128393,"(3.0, 5.0)",2025-07-12T06:44:12.869999886+00:00,0.47
62140187,PANH,fail_incidence,264.20840010301066,0.8128315988325656,17.430393804361717,69.27162871521317,3.0035690031922884,4.424360488533752,"(2.0, 8.0)",2025-07-12T09:15:13.979999542+00:00,0.61
62140192,PANH,fail_incidence,263.88885679139605,0.6735995681734614,20.38573238012302,66.02379776770636,3.266863084408052,3.1997394744067926,"(1.0, 5.0)",2025-07-12T09:29:13.119999886+00:00,0.04
62140207,PANH,fail_incidence,263.7761724242999,0.7992901407314906,28.09369918613113,66.31555896689137,3.2579614685617564,2.974393083669419,"(1.0, 15.0)",2025-07-12T09:53:16.139999390+00:00,0.43
62140212,PANH,fail_incidence,262.29867109555676,0.7855987988219743,30.13366552573415,69.11119081567381,3.308396467912014,3.9487067222673398,"(10.0, 20.0)",2025-07-12T10:01:36.250000+00:00,0.38
62140232,PANH,fail_incidence,262.98996129593843,0.729209986242551,9.2254420004108,68.93858605218293,3.1325554905991577,6.047442917697141,"(2.0, 8.0)",2025-07-12T11:11:31.819999695+00:00,0.29
62140242,PANH,fail_incidence,262.1829220595404,0.7694781185122903,21.342667543861197,72.60825046271101,3.330968421332078,3.074172988204639,"(1.0, 5.0)",2025-07-12T11:31:29.879999161+00:00,0.04
62140277,PANH,fail_incidence,262.11375470395075,0.8820170909947637,28.54136014945146,61.34144280404785,3.314240651822294,4.3266286476755225,"(1.0, 15.0)",2025-07-12T12:40:09.679999352+00:00,1.14
62140292,PANH,fail_incidence,263.12140857003186,0.8064948797579,21.731757681003547,61.29971569987827,3.4124730540377537,3.7738340903795837,"(3.0, 15.0)",2025-07-12T12:51:35.860000610+00:00,0.42
62140327,PANH,fail_incidence,261.4210198818525,0.8886596788436333,31.58620395398345,66.56382357551371,3.360778429111102,5.047987911506498,"(1.0, 8.0)",2025-07-12T14:34:30.599998474+00:00,0.42
62140357,PANH,fail_incidence,260.961489436743,0.7533190321037895,53.1065286042857,64.2574235074292,3.4496129664675634,4.381869178455356,"(3.0, 15.0)",2025-07-12T15:25:27.049999237+00:00,0.24
62140377,PANH,fail_incidence,262.0598574958371,0.7205558723017631,15.901555924073975,71.01930360231744,3.1264989741689924,10.1816141418126,"(1.0, 5.0)",2025-07-12T16:21:12.849999428+00:00,0.45
62140417,PANH,fail_incidence,261.6185792530774,0.8429686556406342,31.677069189220404,68.19517406334371,3.389992005666702,2.7417980288770973,"(1.0, 20.0)",2025-07-12T17:32:08.359999657+00:00,0.17
62140422,PANH,fail_incidence,261.8343526106043,0.8218141288164081,25.51608446010265,65.67599254883012,3.351655304486782,2.3398265607155784,"(1.0, 20.0)",2025-07-12T17:46:25.100000381+00:00,0.86
62140447,PANH,fail_incidence,261.3863736591246,0.5716358475420897,31.656430378279122,64.10099212490984,3.4248827761183396,3.253867231366441,"(2.0, 8.0)",2025-07-12T18:28:30.879999161+00:00,0.23
62140452,PANH,fail_rectilinearity,261.86594824993233,0.3125290716825413,35.77321152844814,75.89909190279629,3.378624141758493,3.122061649819234,"(3.0, 15.0)",2025-07-12T18:51:25.939998627+00:00,0.24
62140482,PANH,fail_incidence,265.5258230136785,0.7495732079421699,26.3536440302265,59.2431197633801,3.130168555279169,7.256561513133076,"(2.0, 8.0)",2025-07-12T19:35:41.049999237+00:00,1.45
62140547,PANH,fail_incidence,262.2345540143994,0.8735843158933353,26.553730867349312,66.24587718231473,3.38383727897441,4.00762421892572,"(3.0, 15.0)",2025-07-12T20:57:41.469997406+00:00,0.89
62140577,PANH,fail_incidence,262.98217917792556,0.9264279356065139,28.425503648922895,69.7209258926677,3.3017018606870208,3.9639785176922304,"(1.0, 20.0)",2025-07-12T21:55:08.349999428+00:00,1.67
62140602,PANH,fail_incidence,262.6406189793326,0.6738353486148243,16.73683379681393,68.87363444540392,3.310900889375598,5.770357862585534,"(1.0, 15.0)",2025-07-12T22:48:43.989998102+00:00,0.24
62140647,PANH,fail_incidence,263.3375285683921,0.6162073718848238,38.527175522954515,71.77973173627339,3.0599266976235002,2.9265394570678165,"(2.0, 8.0)",2025-07-12T23:54:12.159999847+00:00,0.41
62140672,PANH,fail_incidence,261.9435360797058,0.7457182277177493,4.63316959252978,72.23049563019937,3.327362296482391,3.208652306816396,"(1.0, 8.0)",2025-07-13T00:45:12.799999237+00:00,0.36
62140687,PANH,fail_incidence,264.3960355762321,0.7858909334269515,23.533181060420375,65.69758515314213,3.1559357066552063,4.338876734467483,"(1.0, 8.0)",2025-07-13T01:02:00.859999895+00:00,0.59
62140702,PANH,fail_incidence,261.922024262916,0.8081954766832823,26.36850022560298,64.69008588708992,3.3392935168056734,3.9714955761498816,"(1.0, 5.0)",2025-07-13T02:17:30.409999847+00:00,0.38
62140732,PANH,fail_incidence,261.8545833746567,0.694717428046388,31.503149356975822,73.12882958322139,3.415388149003069,4.2488182244894155,"(1.0, 15.0)",2025-07-13T02:44:20.520000458+00:00,0.33
62140752,PANH,fail_incidence,263.19348248632633,0.7279589605117676,74.2587862829515,69.28430887448938,3.3932487542446177,3.881042463052432,"(2.0, 8.0)",2025-07-13T03:19:06.129999638+00:00,0.17
62140757,PANH,fail_incidence,262.7020386847115,0.7935716550358537,18.696456057359157,68.17821329815706,3.2887561676306767,4.037671572537806,"(1.0, 20.0)",2025-07-13T03:45:46.789997101+00:00,1.0
62140772,PANH,fail_incidence,263.0062285805602,0.9091675511062857,27.644756661589987,70.9798465213517,3.3955748813091335,4.953739414564315,"(1.0, 8.0)",2025-07-13T04:49:54.779998779+00:00,0.33
62140797,PANH,fail_incidence,264.6074936106063,0.887494671279953,46.38848814070003,74.62888898139404,3.0573669264358365,3.3985593565873176,"(1.0, 5.0)",2025-07-13T05:14:51.699996948+00:00,0.25
62140817,PANH,fail_incidence,264.75425009101104,0.9144531646892096,22.082540646997682,66.52807788797881,3.3398592075262172,2.64630229237232,"(3.0, 15.0)",2025-07-13T05:31:57.919998169+00:00,0.53
62140827,PANH,fail_incidence,262.31579405298254,0.7506079163116159,67.56546925569748,69.86444429092381,3.3801075482739167,3.034175901679547,"(5.0, 10.0)",2025-07-13T05:42:34.750000+00:00,0.13
62140832,PANH,fail_incidence,262.1572981847399,0.9110859201631041,32.024820743966025,68.19885438770012,3.363045462478797,3.2794650185058893,"(1.0, 15.0)",2025-07-13T05:56:59.659999847+00:00,0.25
62140877,PANH,fail_incidence,264.5292592809059,0.6679891741903794,9.94107850067845,67.26436460310536,3.4696837118090045,3.8064775960281003,"(1.0, 5.0)",2025-07-13T07:29:21.859998703+00:00,0.27
62140902,PANH,fail_incidence,262.09491143560786,0.915721223424298,28.43181878640784,66.49685348021137,3.365750820397057,4.830232043567172,"(5.0, 10.0)",2025-07-13T08:02:43.770000458+00:00,0.52
62140947,PANH,fail_incidence,262.19862777744567,0.5466046189841691,35.116419216760825,63.18906499320892,3.3259970786038977,3.9663245780075904,"(3.0, 15.0)",2025-07-13T09:43:20.270000458+00:00,0.21
62140987,PANH,fail_incidence,262.6087851332938,0.6984957360621029,18.64736107513098,68.67558814613824,3.3792341008015723,2.8605079439655743,"(5.0, 10.0)",2025-07-13T11:12:49.709999084+00:00,0.39
62141022,PANH,fail_incidence,261.2661686681544,0.7756803788808022,25.8002900054232,64.51146236558566,3.370174035361515,4.873587456014867,"(5.0, 15.0)",2025-07-13T12:00:49.529998779+00:00,0.67
62141027,PANH,fail_incidence,262.2133399379377,0.8594111022842514,20.081699508665768,73.1129585810231,3.4257647577549672,3.878375534478109,"(1.0, 20.0)",2025-07-13T12:08:05.150000095+00:00,0.41
62141052,PANH,fail_incidence,262.2855242580869,0.909302146071552,29.893734940199423,68.63620427986525,3.385939529199449,3.033043109039883,"(3.0, 15.0)",2025-07-13T13:15:01.259999990+00:00,0.32
62141082,PANH,fail_incidence,262.6293997540241,0.9387934107602757,13.832002077982823,66.05736666515833,3.348913810180835,3.342875429545956,"(3.0, 30.0)",2025-07-13T14:43:13.289999962+00:00,0.77
62141157,PANH,fail_incidence,261.2617203642488,0.8791208167230925,30.471404907841794,67.7276960706796,3.3834773379276637,3.733225211857625,"(5.0, 15.0)",2025-07-13T18:18:09.649999619+00:00,0.56
62141177,PANH,fail_incidence,260.7704008814425,0.9740916764325345,19.791859470286283,56.08611326561287,3.4845156601019833,4.427324028855422,"(2.0, 8.0)",2025-07-13T18:52:35.899997711+00:00,0.35
62141302,PANH,fail_incidence,263.09694456051585,0.823321719955192,23.38091400546207,71.5821488488874,3.0666003016005297,4.697128099785325,"(1.0, 5.0)",2025-07-13T22:38:27.959999084+00:00,1.39
62141372,PANH,fail_incidence,263.0027240270971,0.7877664123637557,29.217121800697722,74.41578457113698,3.15186305049646,2.857854444673368,"(3.0, 5.0)",2025-07-14T01:05:01.839999914+00:00,0.36
62141392,PANH,fail_incidence,263.2744697732675,0.7909645492040498,39.19462196754397,68.71266593816206,3.38038091147864,3.5984291486329774,"(3.0, 15.0)",2025-07-14T01:32:10.719999313+00:00,0.53
62141417,PANH,fail_incidence,263.0860997567353,0.7610078559245961,47.93209311291285,70.12127625295936,3.384550952458537,3.884041203019394,"(1.0, 15.0)",2025-07-14T02:29:50.149997711+00:00,0.26
62141457,PANH,fail_incidence,263.19348248632633,0.8200759634153824,21.50621352633318,80.20231166148663,3.37631118578842,4.300637040884517,"(1.0, 5.0)",2025-07-14T03:12:20.619998932+00:00,0.95
62141587,PANH,fail_incidence,262.78658556839423,0.8633065974725262,32.184141529752935,74.97141503500497,3.3439770226600345,8.343900419414107,"(2.0, 8.0)",2025-07-14T06:14:08.949999809+00:00,0.52
62141592,PANH,fail_incidence,263.147794635975,0.7970039728428737,32.544744004668175,72.06341612137187,3.2057634212371586,3.1754671494327136,"(1.0, 20.0)",2025-07-14T06:17:58.079998016+00:00,0.73
62141647,PANH,fail_incidence,261.7262054678239,0.767352601207348,33.44133351518575,68.07676494476306,3.3894985058933327,3.929355663057277,"(1.0, 5.0)",2025-07-14T08:12:00.369999886+00:00,0.32
62141697,PANH,fail_incidence,261.8990545401745,0.9150307376320728,9.544812356692544,67.16628664820232,3.3729809003961817,4.716733498283092,"(1.0, 8.0)",2025-07-14T09:13:18.690000296+00:00,0.36
62141727,PANH,fail_incidence,261.46624825427074,0.574057417258389,16.71031704699958,66.8140894657069,3.3843429711094237,2.6171892129068555,"(3.0, 5.0)",2025-07-14T10:08:08.449999809+00:00,0.22
62141742,PANH,fail_incidence,264.3628929956473,0.7178993003916042,9.516760818462805,68.7621713448455,3.365411043896988,5.699334282348379,"(1.0, 5.0)",2025-07-14T10:51:24.329999924+00:00,0.22
62141762,PANH,fail_incidence,261.9671852388722,0.9396284473162048,28.78998571040313,63.29105435888416,3.3300363059987528,4.797197720624883,"(2.0, 8.0)",2025-07-14T12:03:53.279998779+00:00,1.0
62141777,PANH,fail_incidence,263.112294548069,0.8757367564566202,34.228430845481384,66.52636326369593,3.373235794533739,3.523691387762883,"(1.0, 15.0)",2025-07-14T12:16:03.409999847+00:00,0.22
62141892,PANH,fail_incidence,263.36313436210395,0.8157441821516036,27.49589239269598,69.63568393787264,3.1297699532138843,5.837417623245546,"(2.0, 8.0)",2025-07-14T16:06:57.239998102+00:00,0.46
62141917,PANH,fail_incidence,262.4702293958335,0.8575364691907416,22.012690858992965,64.59552888270142,3.337302935019586,3.717616050183604,"(1.0, 15.0)",2025-07-14T17:20:38.759998322+00:00,0.48
62142002,PANH,fail_incidence,275.71099569235355,0.970362036467446,31.308483975230175,81.62981532651897,2.912708369774594,6.549385602220246,"(1.0, 5.0)",2025-07-14T19:18:28.260000229+00:00,0.49
62142007,PANH,fail_incidence,261.1189146282597,0.5129433065441107,75.78048361143841,66.1287226689524,3.38575433766491,3.4427808941096174,"(1.0, 5.0)",2025-07-14T19:18:50.279998779+00:00,0.54
62142037,PANH,fail_incidence,261.6425979410809,0.7942716626752777,28.01438155016488,65.1017281688502,3.448702380887593,2.8287755681874396,"(3.0, 5.0)",2025-07-14T19:40:14.589999199+00:00,0.29
62142127,PANH,fail_incidence,262.4812149005042,0.8129932573640499,25.838153471058884,68.28090834378604,3.3725857930630903,3.163321249200541,"(5.0, 10.0)",2025-07-14T20:44:20.689998627+00:00,0.51
62142142,PANH,fail_incidence,262.6684265277997,0.5642604470924827,50.14902683308835,67.02036469970788,3.3678907982720157,3.0512469475806148,"(1.0, 20.0)",2025-07-14T20:55:16.879999161+00:00,0.62
62142152,PANH,fail_incidence,262.5304313125253,0.8407749654567209,34.66148653332982,69.98144536899441,3.3772653098728624,3.7481259015155466,"(1.0, 15.0)",2025-07-14T20:57:47.549999237+00:00,0.61
62142187,PANH,fail_incidence,262.90449533164826,0.8808947160005722,28.289113570623044,73.52395256553623,3.3492978007167755,3.098991527078331,"(5.0, 15.0)",2025-07-14T21:30:35.599998474+00:00,0.45
62142262,PANH,fail_incidence,263.00367344780403,0.6860029749102596,41.00662966922075,66.75644378831814,3.34982401079873,3.976138839830809,"(1.0, 15.0)",2025-07-14T22:03:59.869998932+00:00,0.41
62142337,PANH,fail_incidence,262.5304313125253,0.953234068279578,29.512835147252748,68.91941656256385,3.396049140875339,5.053812107710716,"(5.0, 15.0)",2025-07-14T23:16:42.259998322+00:00,0.78
62142412,PANH,fail_incidence,260.84297628484643,0.8564277414113478,29.756088361998497,67.55574547905061,3.397372019466034,3.8999770498799915,"(1.0, 15.0)",2025-07-14T23:46:33.569999695+00:00,0.28
62142547,PANH,fail_incidence,261.7471871233035,0.8747630449640215,33.90506341178374,66.30335315454495,3.3594076010848357,3.8855595431100403,"(2.0, 8.0)",2025-07-15T01:04:33.739998102+00:00,0.86
62142692,PANH,fail_incidence,262.18813238158367,0.9287969088652672,24.520439171800952,69.628624975749,3.376909627926903,3.5012417291988296,"(1.0, 5.0)",2025-07-15T02:19:06.549999714+00:00,0.81
62142747,PANH,fail_incidence,262.2956400191365,0.7389820041181892,17.77085627039533,69.53589837226511,3.3772362921749166,5.051354089509668,"(3.0, 15.0)",2025-07-15T03:05:44.149997711+00:00,0.65
62142802,PANH,fail_incidence,262.51082040532503,0.9666889214329096,27.93427616283303,69.37670744630742,3.3724433612358364,3.5198938898479284,"(1.0, 15.0)",2025-07-15T03:27:57.199996948+00:00,1.37
62142867,PANH,fail_incidence,262.3057299177532,0.7889469928433719,18.175909136851892,69.61767128946646,3.3855332042130146,3.3017821346888736,"(3.0, 5.0)",2025-07-15T03:57:25.829999924+00:00,0.44
62142922,PANH,fail_incidence,263.07703495712656,0.8527296665276103,43.910743939168285,70.03148517009345,3.3739447577893107,4.587960665991249,"(1.0, 20.0)",2025-07-15T05:15:44.549999237+00:00,0.63
62143007,PANH,fail_incidence,264.9608487398203,0.8247289441735811,34.341725673496164,68.84839623792817,3.0176499053933794,4.831970634198579,"(1.0, 5.0)",2025-07-15T08:22:16.479999542+00:00,0.34
62143012,PANH,fail_incidence,263.78106018196934,0.9074150524510746,28.66456613160369,68.46490857358533,3.0966134101491534,3.5028221017448615,"(1.0, 8.0)",2025-07-15T08:39:02.009999990+00:00,0.85
62143057,PANH,fail_incidence,262.373187229919,0.668962229902291,10.764752014197452,68.16112308010894,3.377434175550554,4.085205753385289,"(5.0, 15.0)",2025-07-15T10:31:33.709999084+00:00,0.33
62143077,PANH,fail_incidence,262.53003545853477,0.5876665060244952,52.17033656318578,62.512178172562194,3.3197434582430496,2.987924340417817,"(10.0, 20.0)",2025-07-15T11:48:59.389999390+00:00,0.38
62143082,PANH,fail_incidence,261.2002077387668,0.9008652201828613,26.85984721750172,69.0698819132247,3.3934457446184765,2.7963234111741446,"(3.0, 15.0)",2025-07-15T12:01:31.829999924+00:00,0.57
62143087,PANH,fail_incidence,264.0762937456204,0.835720652392697,25.409618798512476,65.24990424363587,3.3622181089925163,2.7526223554650207,"(3.0, 15.0)",2025-07-15T12:13:39.540000916+00:00,0.82
62143092,PANH,fail_incidence,262.02847590102436,0.7723451298375469,25.580705702210683,67.36214080605663,3.3810882568923555,3.6829015376316647,"(1.0, 8.0)",2025-07-15T12:23:32.090000153+00:00,0.75
62143097,PANH,fail_incidence,261.85528990082895,0.7107745573868041,65.01264779153826,62.64089283824445,3.410629620978232,3.8802783891335837,"(1.0, 15.0)",2025-07-15T12:23:45.079998016+00:00,0.39
62143162,PANH,fail_incidence,267.14520388537426,0.861908779560044,34.332558610798934,66.19688669790425,2.978052617430666,4.122766894667085,"(1.0, 15.0)",2025-07-15T14:45:25.139999390+00:00,2.32
62143172,PANH,fail_incidence,268.2624159662196,0.8807910875033846,34.23689550289122,65.2292422324489,2.9694879542579713,7.104055603869258,"(1.0, 5.0)",2025-07-15T14:47:17.690000296+00:00,1.3
62143182,PANH,fail_incidence,268.1401289166341,0.8665769895491074,27.15877050332716,65.35502540418238,2.961667458556837,11.356151188909113,"(1.0, 5.0)",2025-07-15T15:02:39.809997559+00:00,0.8
62143197,PANH,fail_incidence,266.9054854210611,0.8441471189696762,25.864481580631054,65.5570158630585,3.013235506102621,4.296751002774029,"(3.0, 5.0)",2025-07-15T15:28:00.859999895+00:00,0.62
62143207,PANH,fail_incidence,263.8247516428558,0.80652928258789,25.508704254369658,64.22060869575138,3.3620079123105784,2.927833195232653,"(3.0, 15.0)",2025-07-15T15:31:22.309999704+00:00,1.25
62143212,PANH,fail_incidence,270.52376779256855,0.8189848425797485,29.63872406645313,67.876086767926,2.914038827600603,4.795548849450052,"(5.0, 10.0)",2025-07-15T15:30:55.250000+00:00,0.44
62143242,PANH,fail_incidence,262.29451019337824,0.9507310427106003,11.994104460178788,69.83837206080979,3.1385562489105068,5.688766316247381,"(1.0, 8.0)",2025-07-15T15:49:26.869998932+00:00,0.38
62143287,PANH,fail_incidence,266.6554175468968,0.8623986003442243,30.43162781502235,60.019988170440186,3.1685459644843452,3.003248517946458,"(1.0, 5.0)",2025-07-15T16:24:42.520000458+00:00,0.78
62143332,PANH,fail_incidence,264.18803723238585,0.7507492933828246,31.560445333124903,67.10656448789423,3.166550893371039,6.687953308707161,"(1.0, 5.0)",2025-07-15T17:04:49.669998169+00:00,0.66
62143362,PANH,fail_incidence,262.55987612271593,0.8580527360847646,44.55009393828722,67.35254952461501,3.361894705963186,6.179467117786663,"(3.0, 5.0)",2025-07-15T17:49:16.729999542+00:00,0.26
62143402,PANH,fail_incidence,261.60500629602853,0.9761877436554486,26.58079965742134,59.47069522813085,3.39395464630628,4.787747405783636,"(3.0, 5.0)",2025-07-15T18:47:41.479999542+00:00,1.72
62143487,PANH,fail_incidence,272.28459251490085,0.8452880965622057,22.020261580033825,70.69531907391354,2.88121210293747,6.3176043908409465,"(2.0, 8.0)",2025-07-15T20:22:12.929999352+00:00,0.45
62143497,PANH,fail_incidence,263.79700577552916,0.790327705738984,14.871063099531721,71.88378828782854,3.1480458752705167,7.255399835214518,"(1.0, 5.0)",2025-07-15T20:27:27.239999771+00:00,0.53
62143612,PANH,fail_incidence,261.4147629098818,0.8981663864510867,10.06217918874011,68.2481711790988,3.3982055192570457,4.2637733510196485,"(2.0, 8.0)",2025-07-15T21:53:26.969999313+00:00,1.46
62143622,PANH,fail_incidence,261.8015683382876,0.9500677576768526,15.404904498347072,69.72542788967358,3.4105952127586123,3.8898393285699875,"(1.0, 20.0)",2025-07-15T22:12:20.100000381+00:00,1.12
62143637,PANH,fail_incidence,263.60820918176546,0.8772289636173033,28.40367743101618,66.05958905333371,3.4394987522089973,3.3030669479552808,"(10.0, 45.0)",2025-07-15T22:19:23.359998703+00:00,0.33
62143692,PANH,fail_incidence,262.6684265277997,0.9120853009857848,28.13017726607156,66.8232672519311,3.3517601776389534,3.829145783344134,"(1.0, 20.0)",2025-07-15T22:52:56.180000305+00:00,0.91
62143897,PANH,fail_incidence,265.0601394893255,0.8029795731503242,29.787987768433197,72.11538845229884,3.100490645330771,3.783261477082327,"(1.0, 8.0)",2025-07-16T01:30:25.500000+00:00,0.24
62143972,PANH,fail_incidence,262.56935396035254,0.6498392115867649,65.21604700609188,71.17308123963655,3.3944093493542042,4.257633804155305,"(2.0, 8.0)",2025-07-16T02:18:49.099998474+00:00,0.24
62143982,PANH,fail_incidence,264.16203285881795,0.8529691146378215,27.4382327364037,69.1217902295023,3.3790308563446114,2.8580122447285032,"(3.0, 30.0)",2025-07-16T02:28:39.899997711+00:00,0.74
62143987,PANH,fail_incidence,261.5910035731769,0.8849184706917137,35.346640577035174,67.00777123352636,3.4489155893585113,4.500961183643118,"(3.0, 5.0)",2025-07-16T02:33:38.709999084+00:00,0.33
62144062,PANH,fail_incidence,267.12226783562284,0.7957215845327716,29.890365756933207,65.99476894015257,3.0586268597223993,5.208003574017072,"(1.0, 5.0)",2025-07-16T03:53:17.469999313+00:00,0.46
62144067,PANH,fail_incidence,262.3557949233166,0.8323858336100778,21.736222626162828,70.42731137911454,3.4063521721361436,5.971438708285346,"(3.0, 5.0)",2025-07-16T04:04:11.259999274+00:00,0.56
62144107,PANH,fail_incidence,261.6934914412063,0.9388475677044742,28.41218086853211,67.8840779325204,3.365005381904314,4.916801430616761,"(3.0, 5.0)",2025-07-16T05:00:47.809997559+00:00,1.17
62144112,PANH,fail_incidence,265.6695030335906,0.8802262265064346,30.93036281228386,68.39223511550985,3.354143221394668,2.944224450915193,"(5.0, 10.0)",2025-07-16T05:13:56.309997559+00:00,0.05
62144127,PANH,fail_incidence,265.4826120390185,0.9416765720508853,14.78223686866546,68.83428577986822,3.384874959321645,4.347274721032001,"(3.0, 5.0)",2025-07-16T06:37:55.959999084+00:00,0.47
62144197,PANH,fail_incidence,262.69525785715473,0.8997637922123803,20.209623540673093,70.63724877808812,3.4098511363271298,5.011094526166502,"(3.0, 5.0)",2025-07-16T10:37:09.829999924+00:00,0.22
62144212,PANH,fail_incidence,271.8278053529434,0.7640052050334876,22.888982049522475,72.72140832525263,2.992814048601082,5.957470192315503,"(2.0, 8.0)",2025-07-16T11:27:16.529998779+00:00,0.3
62144217,PANH,fail_incidence,272.4200578549285,0.8502654740206143,32.91580518060521,73.33557210066162,2.9981534764924307,6.029010859990456,"(2.0, 8.0)",2025-07-16T11:32:30.969999313+00:00,0.4
62144222,PANH,fail_incidence,270.50084216356686,0.8892794202631482,22.96181019822903,72.5993188959375,3.0137815093192404,5.835271239228776,"(2.0, 8.0)",2025-07-16T11:43:36.159999847+00:00,0.58
62144227,PANH,fail_incidence,271.11489731595606,0.8517832804043274,31.683487143045948,71.02639410364506,2.9653233940729824,5.285328681966423,"(1.0, 8.0)",2025-07-16T11:44:04.469999790+00:00,0.34
62144232,PANH,fail_incidence,272.16526161297105,0.8101677873046104,35.53573198357349,76.37567749618523,2.9879938649988023,5.899151481129497,"(2.0, 8.0)",2025-07-16T11:44:14.359999657+00:00,-0.19
62144237,PANH,fail_incidence,261.39822967912096,0.7859528492305856,19.222187172941744,65.91492891275334,3.35851314268382,4.1675041141746565,"(3.0, 15.0)",2025-07-16T11:48:54.189998627+00:00,0.53
62144247,PANH,fail_incidence,260.975081715264,0.8394769597888769,29.488234298418938,65.46537081875782,3.3785156604915025,4.990161798842774,"(1.0, 5.0)",2025-07-16T11:58:18.930000305+00:00,0.55
62144257,PANH,fail_incidence,270.6212864184579,0.9112450304382216,33.05933423085386,71.43548345639853,3.031006220569006,9.1578227309047,"(2.0, 8.0)",2025-07-16T12:23:36.659999847+00:00,1.64
62144262,PANH,fail_incidence,269.2997676057828,0.8343887100090543,37.74973056587451,73.98870466006555,3.0274664850061925,6.275529718388595,"(2.0, 8.0)",2025-07-16T12:31:56+00:00,0.37
62144272,PANH,fail_incidence,261.04556670626664,0.7965713774062093,25.79339027389009,72.56506386582555,3.1486513351810927,5.765372356035874,"(3.0, 5.0)",2025-07-16T12:42:03.339999914+00:00,0.82
62144277,PANH,fail_incidence,271.97008946146576,0.7326383860787182,53.96368408895305,70.39817487570693,2.9509231127717275,10.353191495997345,"(1.0, 5.0)",2025-07-16T12:40:10.149999619+00:00,0.39
62144282,PANH,fail_incidence,270.8610398205046,0.8304380214260838,28.125135851105235,73.03064110995426,3.0104434954134103,10.258314073646696,"(2.0, 8.0)",2025-07-16T12:46:19.770000458+00:00,0.75
62144287,PANH,fail_incidence,270.0197892221585,0.9311389993995495,18.557533061572148,75.68544859229485,3.029836991038441,3.4687104824156227,"(1.0, 8.0)",2025-07-16T12:47:01.369999886+00:00,0.26
62144297,PANH,fail_incidence,272.5757375165676,0.8617251204862558,43.74710156223629,70.94233856354697,2.949098543427137,7.834044418326965,"(2.0, 8.0)",2025-07-16T12:51:30.269998550+00:00,0.43
62144312,PANH,fail_incidence,264.22567304922467,0.8268006864482502,19.43970349251645,63.49930000287651,3.3221148404277505,1.857761918065871,"(1.0, 5.0)",2025-07-16T13:14:19.989999771+00:00,0.64
62144322,PANH,fail_incidence,271.1194315861432,0.8437285310974895,28.72052370674495,69.9798500811967,2.967259090440541,3.0889186328023253,"(5.0, 10.0)",2025-07-16T13:30:51.469997406+00:00,0.4
62144332,PANH,fail_incidence,270.26096393837236,0.8655521622743887,30.90064334354825,72.12660608773601,2.99616480043811,8.345365605839673,"(3.0, 5.0)",2025-07-16T14:16:25.739999771+00:00,0.62
62144357,PANH,fail_incidence,267.3720893886486,0.6664781033504787,26.22321293722403,69.27228297930728,3.163540821361899,5.686987029475942,"(5.0, 10.0)",2025-07-16T14:38:29.299999237+00:00,0.19
62144362,PANH,fail_incidence,270.6220618929149,0.8942759486248015,33.75103356384768,72.35656126243853,3.0099111501100184,9.713750579994102,"(2.0, 8.0)",2025-07-16T14:39:13.109999657+00:00,0.99
62144372,PANH,fail_incidence,261.90974096269235,0.8371104041722048,16.37355754069416,74.51741704208395,3.3538086030806076,4.708389017530122,"(2.0, 8.0)",2025-07-16T14:49:18.939998627+00:00,0.33
62144512,PANH,fail_incidence,263.54582966592704,0.9299422975593638,33.602987456168094,72.69056753666864,3.1329976630884624,11.510029483814954,"(1.0, 5.0)",2025-07-16T18:02:57.069999695+00:00,0.77
62144522,PANH,fail_incidence,264.31414164790834,0.7918659622789382,27.958579627565115,67.18800304024887,3.0275211905577146,4.20566399294184,"(1.0, 5.0)",2025-07-16T18:28:19.789999008+00:00,0.85
62144592,PANH,fail_incidence,262.7578462328836,0.8121761241796747,35.76128345091429,66.47685871143979,3.3499645177471216,3.4728474496348998,"(1.0, 20.0)",2025-07-16T20:05:11.429999352+00:00,0.72
62144602,PANH,fail_incidence,264.6450932638336,0.9027801094734974,26.24203895672414,66.63363155377014,3.352132150821663,4.348596949150396,"(1.0, 20.0)",2025-07-16T20:23:22.409999847+00:00,1.87
62144607,PANH,fail_incidence,266.0110093085134,0.9177591430842248,23.91342449094686,68.79436492071854,3.3665830830430163,4.4315814200608905,"(2.0, 8.0)",2025-07-16T20:25:49.809997559+00:00,0.26
62144627,PANH,fail_incidence,262.3557949233166,0.9335298132514627,12.138502152878075,71.03560869349063,3.40027070600323,3.420961636554215,"(2.0, 8.0)",2025-07-16T22:28:30.969999313+00:00,0.65
62144672,PANH,fail_incidence,279.7781515875947,0.7356130012476809,25.58259391608336,82.27800006326909,2.71951762962036,3.985505788220185,"(1.0, 5.0)",2025-07-17T01:49:02.339999914+00:00,0.96
62144687,PANH,fail_incidence,271.20564398044667,0.8674492170486146,30.783106031001306,75.73234097313856,3.0341864736592066,2.872621084706857,"(2.0, 8.0)",2025-07-17T02:40:14.949999809+00:00,0.16
62144702,PANH,fail_incidence,277.48855675021446,0.8153276753057325,32.88457716032923,84.14964759923812,2.9396608053592495,4.829429014622811,"(2.0, 8.0)",2025-07-17T03:12:56.639999390+00:00,0.47
62144717,PANH,fail_incidence,263.1282348640458,0.8030494534777999,11.589062338774676,82.38248329078553,3.13498957185835,5.925368191929607,"(3.0, 5.0)",2025-07-17T03:38:54.199996948+00:00,0.54
62144757,PANH,fail_incidence,265.14684214185087,0.9493455478425727,33.50632652913228,75.45896724038894,3.355013142548273,4.669052659253484,"(3.0, 5.0)",2025-07-17T05:30:18.119998932+00:00,0.25
62144767,PANH,fail_incidence,264.6465275454395,0.8590129126829564,32.27772680901334,79.20282976413401,3.0478712650103796,4.623200972959243,"(1.0, 8.0)",2025-07-17T05:52:07.619999886+00:00,1.15
62144817,PANH,fail_incidence,264.43555307683704,0.7542144838398941,22.976339338250437,67.805000855853,3.1727170668245956,3.289045232693238,"(2.0, 8.0)",2025-07-17T10:23:20.520000458+00:00,0.19
62144822,PANH,fail_incidence,262.84122337198716,0.8562366090452843,17.739026818683534,67.93522999005927,3.1301026153855496,4.948083962379357,"(1.0, 8.0)",2025-07-17T10:27:52.509998321+00:00,0.53
62144832,PANH,fail_incidence,262.2403986069463,0.96702499020179,22.607085439339816,64.37913796136691,3.336092476457019,4.445319220387323,"(2.0, 8.0)",2025-07-17T10:47:43.739998102+00:00,1.1
62144842,PANH,fail_incidence,262.61525112660456,0.8908240565411476,27.62162215069299,68.95791221961079,3.1265612882174074,7.536473995776136,"(2.0, 8.0)",2025-07-17T12:26:32.829998016+00:00,0.9
62144852,PANH,fail_incidence,264.5196366578018,0.8293972265735237,30.339136045670884,63.988592810969585,3.0576941392723214,4.626041247463198,"(2.0, 8.0)",2025-07-17T13:12:39.319999695+00:00,0.4
62144957,PANH,fail_incidence,261.39822967912096,0.9396509128157463,24.7193980125923,65.87240630708763,3.3601037425539593,3.938153569578878,"(3.0, 15.0)",2025-07-17T17:32:49.919998169+00:00,0.85
62144962,PANH,fail_incidence,265.1275497865955,0.8237599889325471,33.97630128913638,62.10342985136798,3.4114121098306076,4.1389664758507285,"(10.0, 20.0)",2025-07-17T17:35:56.729999542+00:00,0.29
62145102,PANH,fail_incidence,263.46048028321417,0.8457399295246026,23.731417109081672,70.51696515080937,3.3087227482043247,2.947817129652349,"(2.0, 8.0)",2025-07-17T21:11:40.189998627+00:00,0.42
62145137,PANH,fail_incidence,261.95221275749975,0.7969217249173302,26.524471787558234,69.11797745431964,3.3747039358666417,4.207589105149053,"(2.0, 8.0)",2025-07-17T22:20:33.250000+00:00,0.74
62145207,PANH,fail_incidence,266.6106496631738,0.7920255038525954,23.45245674384049,64.83553049185764,3.319370039880822,3.0146595207174762,"(5.0, 15.0)",2025-07-18T01:18:07.039999962+00:00,0.09
62145212,PANH,fail_incidence,262.83647724726364,0.7858058730118207,8.841731562069528,72.3097888052792,3.1414537977457986,7.535878092861463,"(1.0, 5.0)",2025-07-18T01:32:01.099999905+00:00,0.51
62145267,PANH,fail_incidence,262.95302533983323,0.8473041569503137,42.22322346593128,73.28986393925089,3.132968390930496,3.3324433401702924,"(1.0, 8.0)",2025-07-18T07:13:58.629997253+00:00,0.29
62145312,PANH,fail_incidence,277.8791804972998,0.844009513090015,24.081421365806644,83.43909797932264,2.921117985417972,4.77151766272104,"(1.0, 8.0)",2025-07-18T09:55:43.719997406+00:00,0.77
62145322,PANH,fail_incidence,261.1097849588444,0.8955902486749158,11.32219063121664,64.12770807313919,3.35221390470289,2.2037226406559687,"(3.0, 15.0)",2025-07-18T11:27:38.939998627+00:00,1.28
62145327,PANH,fail_incidence,261.16882824403905,0.6586560788300327,24.41942411861295,65.20225129215044,3.3677841643743665,4.336069396208498,"(1.0, 20.0)",2025-07-18T11:36:36.149997711+00:00,1.0
62145382,PANH,fail_incidence,263.0074485426544,0.8293616905535185,13.679896350639375,66.98188626337291,3.0910311155664316,6.529781477752623,"(1.0, 8.0)",2025-07-18T14:08:00.920000076+00:00,0.53
62145442,PANH,fail_incidence,264.3754796809583,0.9122053000911023,31.904552392196198,69.4608835392341,3.204993314486457,6.515453455054062,"(1.0, 5.0)",2025-07-18T15:03:08.449999809+00:00,1.03
62145507,PANH,fail_incidence,261.6405199117455,0.8642514788151386,30.580057222152877,68.4082464921193,3.3985104295047477,4.252097668187784,"(1.0, 15.0)",2025-07-18T17:22:19.869998932+00:00,0.68
62145512,PANH,fail_incidence,261.725229496345,0.7832745659517326,17.105105828546826,65.68279968524013,3.356933705832899,2.8668222155095915,"(1.0, 15.0)",2025-07-18T17:23:08.630000114+00:00,0.54
62145712,PANH,fail_incidence,263.9101146376673,0.7752196548697565,25.458425745185412,64.13647277898414,3.3366246654905924,3.242379287531646,"(10.0, 20.0)",2025-07-18T21:12:14.779999495+00:00,0.73
62145832,PANH,fail_incidence,265.7610766427517,0.8859434181589094,29.088409419079518,65.96997455050249,3.368997105646667,2.8594434353518525,"(3.0, 15.0)",2025-07-18T22:30:26.359998703+00:00,0.07
62146202,PANH,fail_incidence,266.62058693345756,0.7971799086208063,22.829588633743004,71.61559500149482,3.032555985156821,6.862930801718614,"(1.0, 5.0)",2025-07-19T04:30:02.640000105+00:00,0.86
62146207,PANH,fail_incidence,263.10009498071935,0.8419242812749801,24.555814680142408,76.8372752300885,3.1866462265972526,6.725036131884091,"(1.0, 5.0)",2025-07-19T04:43:37.270000458+00:00,0.45
62146307,PANH,fail_incidence,263.5732526423039,0.8975246445166745,32.362148644801614,74.15274126329712,3.1383686066004137,3.9354095119205748,"(1.0, 5.0)",2025-07-19T09:59:20.069999695+00:00,0.54
62146507,PANH,fail_incidence,261.1508731756428,0.9303077095421657,11.630114181172221,71.17620277434041,3.4017616648175273,7.970073693934782,"(2.0, 8.0)",2025-07-19T17:26:29.219999313+00:00,1.48
62146512,PANH,fail_incidence,262.4329889061525,0.8274079630216441,13.845292225965956,76.20692356838325,3.382214195899045,6.576408458824868,"(2.0, 8.0)",2025-07-19T17:30:47.789997101+00:00,0.94
62146737,PANH,fail_incidence,266.0403175865878,0.8688950563578877,33.74105662398583,70.53693056164975,3.3039476958423633,3.5644072680399237,"(3.0, 30.0)",2025-07-19T19:46:28.289999008+00:00,0.96
62147082,PANH,fail_incidence,263.63441333147114,0.8553929537263849,25.987557435247076,73.27114172745571,3.072360902293617,4.892401772882328,"(2.0, 8.0)",2025-07-20T00:51:07.799999714+00:00,0.67
62147292,PANH,fail_incidence,263.16699956650376,0.9210797670199108,36.470336382750936,68.22797226432245,3.092696800818864,6.41579798410314,"(1.0, 5.0)",2025-07-20T10:19:46.819999695+00:00,0.39
62147297,PANH,fail_incidence,264.55806181364085,0.8108015016460102,18.311686699048206,62.86821948032766,3.312436322558553,2.951310525687029,"(1.0, 8.0)",2025-07-20T11:56:12.729999542+00:00,1.07
62147352,PANH,fail_incidence,265.62735750438856,0.8303637351632085,17.061984239124545,57.2187834995744,3.0991364617416064,6.6934478670296915,"(1.0, 8.0)",2025-07-20T14:30:16.709999084+00:00,0.45
62147397,PANH,fail_incidence,263.06963280000014,0.8161396333506155,14.96759464077086,65.31364582484406,3.176096262557514,7.386074793192195,"(1.0, 5.0)",2025-07-20T16:28:51.259998322+00:00,0.3
62147462,PANH,fail_incidence,265.3638607814993,0.8433561470330733,22.4691371114878,63.359460321150976,3.050610832787512,6.065290871205133,"(1.0, 5.0)",2025-07-20T19:24:04.609999895+00:00,0.24
62147502,PANH,fail_incidence,262.77369934318216,0.8461574104259626,13.210627250517462,63.54434258357341,3.4322613522475365,2.6251188022516336,"(1.0, 20.0)",2025-07-20T20:51:35.259998322+00:00,0.23
62147532,PANH,fail_incidence,264.68334693256367,0.9600597299236404,27.131031923840343,69.41051244717225,3.3071597019865098,3.405376273309293,"(1.0, 8.0)",2025-07-20T21:54:03.449999809+00:00,0.93
62147567,PANH,fail_incidence,264.57275749280257,0.8883185156754738,16.165745549676195,63.45573943992574,3.3453324463488534,3.77666429563386,"(3.0, 5.0)",2025-07-20T23:04:37.619998932+00:00,0.89
62147812,PANH,fail_incidence,263.5618221996534,0.8450391696593111,20.19671934931032,69.20931270320526,3.0901693900867913,3.9822925549118144,"(1.0, 5.0)",2025-07-21T14:19:43.540000916+00:00,0.25
62147842,PANH,fail_incidence,259.7429263610746,0.6293603145684656,24.547466385545512,80.98831721963975,2.9324878763490183,4.172807832334909,"(5.0, 10.0)",2025-07-21T15:21:18.090000153+00:00,0.3
62149007,PANH,fail_incidence,259.8920694374973,0.7152652016870409,15.907636705423089,68.96856533403101,3.405114229165456,3.5363395749257247,"(1.0, 8.0)",2025-07-23T13:51:44.899997711+00:00,0.23
62149242,PANH,fail_incidence,265.45855995999824,0.8936407811338969,24.88991762823066,63.39674476902727,3.312695872605236,3.7213694882639756,"(2.0, 8.0)",2025-07-23T18:45:53.389999390+00:00,0.16
62149392,PANH,fail_incidence,263.93529008478447,0.7671110717409653,18.613083651606228,69.25150768984227,3.112314117673959,5.429840619315213,"(1.0, 15.0)",2025-07-23T21:16:45.700000763+00:00,0.4
62149562,PANH,fail_incidence,264.7803630442578,0.8443669077802687,19.825150219616177,70.01469882455395,3.0891937780611536,4.029052316073303,"(1.0, 8.0)",2025-07-24T04:05:19.649999619+00:00,0.11
62149602,PANH,fail_incidence,264.1055180717001,0.7170899853863931,45.03630906541704,75.13989359725514,3.1645393316741517,4.233442591953897,"(1.0, 5.0)",2025-07-24T07:18:25.019998550+00:00,0.06
62149627,PANH,fail_incidence,263.97009813149805,0.7528576748160556,5.321141068338559,69.79422300118436,3.129962027374442,2.78745177597247,"(1.0, 15.0)",2025-07-24T11:20:12.960000038+00:00,0.18
62149637,PANH,fail_incidence,261.8883405161299,0.8372418854309202,17.751981413534537,66.69090328319307,3.373407321465857,2.1873253634662513,"(1.0, 5.0)",2025-07-24T11:37:08.489999771+00:00,0.58
62149642,PANH,fail_incidence,263.3726450773066,0.692773833723695,25.16061014572758,69.73346122420959,3.134383489700201,5.825831978758105,"(1.0, 8.0)",2025-07-24T12:14:54.639999390+00:00,0.32
62149652,PANH,fail_incidence,268.09251505308424,0.8270957892631818,29.875411194302377,67.40762760245238,2.904423396156702,3.5302006662564476,"(1.0, 8.0)",2025-07-24T12:42:04.029999495+00:00,0.26
62150382,PANH,fail_incidence,263.93057997551654,0.8897030314199647,40.37658501215672,67.29824627237055,3.280189339518211,6.228885671422984,"(1.0, 5.0)",2025-07-25T11:30:14.159999847+00:00,0.29
62150422,PANH,fail_incidence,263.0176248966133,0.8736205204512405,26.444157996871073,66.3876487786392,3.112116362933903,6.143808929923859,"(2.0, 8.0)",2025-07-25T14:43:22.549999237+00:00,0.8
62150467,PANH,fail_incidence,263.1473312016949,0.7162991698004503,30.33367747007505,69.83519001448286,3.1424919797658357,4.028028087430221,"(1.0, 5.0)",2025-07-25T17:01:02.569999933+00:00,0.63
62150852,PANH,fail_incidence,266.0565708239568,0.6438554376011252,33.20660015993866,60.928437000784584,3.1235488622529317,5.376640647032184,"(2.0, 8.0)",2025-07-25T23:49:40.059997559+00:00,0.29
62150912,PANH,fail_incidence,264.6804926244502,0.9071825801115474,29.490196677314316,65.74090131400462,3.075509099757214,4.643594648992332,"(1.0, 8.0)",2025-07-26T00:56:43.059997559+00:00,0.82
62151037,PANH,fail_incidence,266.63794973595276,0.8358438614887652,35.14996639114982,60.837448474302484,3.379977914915905,4.43387551577989,"(1.0, 8.0)",2025-07-26T03:16:40.680000305+00:00,-0.05
62151087,PANH,fail_incidence,265.2057083424894,0.7946461759365755,30.716461970367703,60.677880705790315,3.1226161777617354,5.430852473147399,"(1.0, 8.0)",2025-07-26T04:42:39+00:00,0.35
62151122,PANH,fail_incidence,263.80172210167746,0.7206763178085214,27.388912487601775,66.86865324624222,3.2755339439944917,8.581615007155698,"(1.0, 8.0)",2025-07-26T06:28:39.239998102+00:00,0.67
62151172,PANH,fail_incidence,264.7803630442578,0.7831104570667948,37.06774122222935,62.84095076155677,3.142527001122595,7.293912392399369,"(1.0, 8.0)",2025-07-26T09:15:57.129997253+00:00,0.4
62151812,PANH,fail_incidence,265.0172495650626,0.8113208042014097,24.694114244790786,69.39443676783938,3.1048532541797864,6.914969328423782,"(1.0, 5.0)",2025-07-27T07:28:28.159999847+00:00,0.2
62151827,PANH,fail_incidence,272.50872485509893,0.9225287944213425,34.1606536599889,75.43295233909271,3.299892447580664,4.82054495619724,"(1.0, 15.0)",2025-07-27T09:56:35.439998627+00:00,0.16
62151847,PANH,fail_incidence,262.51871647777773,0.9101816913636641,33.11132952101263,69.6405589173068,3.131333072757927,4.159619221230317,"(2.0, 8.0)",2025-07-27T10:40:42.719997406+00:00,0.02
62152227,PANH,fail_incidence,259.2535076987935,0.9306212539467236,22.09145004267944,67.8626503029016,3.020784607207424,3.1104198270392507,"(1.0, 5.0)",2025-07-27T22:50:14.899999619+00:00,0.7
62152487,PANH,fail_incidence,267.985257284784,0.7729574377781478,30.36379151864985,65.97575824591489,3.237035497395176,6.249814254938418,"(1.0, 8.0)",2025-07-28T10:24:37.090000153+00:00,0.12
62153112,PANH,fail_incidence,264.20021159222176,0.9123920701777215,21.769406295615923,69.28949336991519,3.405229999918031,4.02978145486724,"(1.0, 5.0)",2025-07-29T12:57:24.369998932+00:00,0.95
62153657,PANH,fail_incidence,270.6220618929149,0.8045396428310495,29.95432591954882,65.41407306103794,3.060677285874553,2.1394459947030686,"(5.0, 30.0)",2025-07-30T12:14:21.799999237+00:00,0.18
62153742,PANH,fail_incidence,266.8997507506179,0.8212317986614348,23.51208583647265,67.55340713761652,3.070536896770328,4.7847932760656215,"(1.0, 20.0)",2025-07-30T14:39:08.479999542+00:00,0.65
62154297,PANH,fail_incidence,264.9758903273266,0.8012217513989863,19.181599428170657,69.07974058042218,3.0272350105007715,4.297049962552257,"(1.0, 5.0)",2025-07-31T04:48:35.669998169+00:00,0.46
62154502,PANH,fail_incidence,262.722887676374,0.8317830566342878,24.78509472421562,68.64166356633591,3.122754675172199,5.259152011186537,"(1.0, 5.0)",2025-07-31T12:59:12.489999771+00:00,1.05
62155357,PANH,fail_incidence,270.2607075025632,0.8883990659426662,29.739609508042538,78.38516225100578,2.9718974001265024,7.672646399116596,"(1.0, 5.0)",2025-08-01T02:40:59.779998779+00:00,0.48
62155457,PANH,fail_incidence,271.1286255907782,0.8670947001902567,24.648425038774405,74.62842711850274,2.926870058315265,4.303430970024142,"(1.0, 5.0)",2025-08-01T04:05:21.969999313+00:00,0.66
62155537,PANH,fail_incidence,270.7673929988118,0.8812502248012754,34.97472921894551,70.59305268273472,2.9332479485774536,6.2296472421480455,"(2.0, 8.0)",2025-08-01T12:22:46.299999237+00:00,0.38
62155552,PANH,fail_incidence,270.76027600280645,0.8283061607455223,26.090804881909932,67.29756530405537,2.9566439213304787,8.037335933801423,"(1.0, 5.0)",2025-08-01T13:47:50.939998627+00:00,0.41
62155587,PANH,fail_incidence,269.50914635906094,0.8952686323810297,35.35925164633655,68.33100482846969,2.929237536446351,8.48787132805104,"(1.0, 8.0)",2025-08-01T14:41:08.069999695+00:00,0.37
62155592,PANH,fail_incidence,270.3924548651836,0.8505623795697621,29.072719675533605,70.45977282333158,2.9322973760900695,7.586187933915025,"(1.0, 5.0)",2025-08-01T14:53:04.819999695+00:00,0.42
62156071,PANH,fail_incidence,265.26802072566386,0.8094740164009934,24.497090104049644,63.0782625901867,3.1381467360729722,3.41776529829679,"(3.0, 15.0)",2025-07-21T17:51:07.629999638+00:00,0.4
62156376,PANH,fail_incidence,263.97009813149805,0.8795036963545677,28.503488842768835,70.17613907093633,3.1247982433158716,6.045856495128062,"(2.0, 8.0)",2025-07-22T01:42:47.439998627+00:00,0.38
62156401,PANH,fail_incidence,266.17826498578955,0.8426686962147125,24.26791767234913,67.55663162861845,3.0089907285322735,7.338563166463304,"(1.0, 5.0)",2025-07-22T02:52:50.989998102+00:00,0.53
62156406,PANH,fail_incidence,266.7910934170549,0.8477531118809294,24.12670583899497,67.1641006238314,3.0008672961696425,10.243505922248259,"(1.0, 5.0)",2025-07-22T02:57:47.399997711+00:00,0.45
62156556,PANH,fail_incidence,262.62729929164925,0.8345027084096573,21.102034010971668,60.117028751852544,3.1376354622766387,5.411834553956943,"(1.0, 8.0)",2025-07-22T13:54:28.599998474+00:00,0.61
62156621,PANH,fail_incidence,265.2277559740756,0.7880894549667561,24.25489826322499,63.12608305664622,3.0595644597658467,2.5801809229973713,"(1.0, 5.0)",2025-07-22T15:55:20.510000229+00:00,0.53
62156986,PANH,fail_incidence,266.92244262758965,0.8539695403944656,29.693282649129397,62.28006971172584,3.1388154085370727,3.1557913171533976,"(1.0, 5.0)",2025-07-23T02:59:29.209999084+00:00,1.26
62161827,PANH,fail_incidence,239.39027940958047,0.8678540111325366,32.31951458443054,59.85608074372991,4.054545034979648,4.3649341688166805,"(1.0, 8.0)",2025-08-13T00:21:29.639999390+00:00,0.22
62161892,PANH,fail_incidence,264.6091436614431,0.8468396228401427,20.864046979484883,68.41685302473971,3.042598784257024,4.8605370588591725,"(5.0, 10.0)",2025-08-13T04:33:22.149999619+00:00,0.56
62166406,PANH,fail_incidence,270.8891676170419,0.850900670489048,24.373321482951695,68.68610269113262,3.3551160273109475,3.669394886128366,"(1.0, 5.0)",2025-08-05T19:17:18.590000153+00:00,0.43
62168151,PANH,fail_incidence,273.0475065192116,0.7771405689686877,47.52541292784713,74.91736413177985,3.3068569924521034,4.298377367869229,"(3.0, 15.0)",2025-08-08T20:24:15.029999495+00:00,0.09
62172576,PANH,fail_incidence,278.2707881881918,0.808583607862915,21.398797232620787,80.96964094552776,2.537629218301993,3.112099171477254,"(1.0, 15.0)",2025-08-17T07:43:52.699996948+00:00,0.92
62177376,PANH,fail_incidence,271.6314474428195,0.8879545407659919,36.711184556068524,66.19614019808621,2.9694456683577695,4.508443801304095,"(5.0, 10.0)",2025-08-28T04:20:17.949998856+00:00,0.59
62178006,PANH,fail_incidence,264.7442526445631,0.772405031407397,23.035124402350196,61.95033217311174,3.321801721142659,3.6325885336634585,"(1.0, 5.0)",2025-08-29T04:32:50.329998016+00:00,0.32
