evid,station,stage,back_azimuth,rectilinearity,incidence_angle_jurkevics,incidence_angle,travel_time_s,snr_horizontal,filter_band,phi,dt,phi_error,dt_error,quality,dominant_period,success,pct_anisotropy,datetime,magnitude,error,traceback
62128312,STAR,ok,85.09453911483618,0.8454694057460782,38.366989280338544,41.96614234352254,1.5914791135321165,3.974463590601903,"(1.0, 5.0)",25.09453911483618,0.06,59.0,0.06,0.0,0.1898901098901099,True,3.770077752816778,2025-06-27T21:44:30.109000+00:00,1.01,,
61704267,STAR,ok,83.23217329434416,0.6628326763411375,77.6912274285975,21.715141173547437,2.1361811207315013,4.31347768812816,"(3.0, 30.0)",85.23217329434416,0.02,10.0,0.01,0.9057190958417937,0.06321951219512195,True,0.9362501992879385,2021-02-17T22:22:15.710000+00:00,0.54,,
61705381,STAR,ok,88.210665029215,0.5849939812849683,48.84304626146505,23.36360673707667,2.24581389345367,5.869295464423912,"(5.0, 45.0)",-83.789334970785,0.06,11.0,0.03,-0.890005611815426,0.06169570267131243,True,2.6716372258135093,2020-12-13T23:02:23.230000+00:00,0.96,,
61705721,STAR,ok,86.04859615333429,0.6443045117469168,65.83221920185764,23.505744792326166,2.1330642645882603,4.536545563810158,"(10.0, 45.0)",84.04859615333429,0.02,61.0,0.09,0.9371460638945291,0.05700148441365661,True,0.9376182580162697,2020-12-16T05:36:43.910000+00:00,1.21,,
61706356,STAR,ok,85.45940241655445,0.7910005671040123,55.72518351430077,21.78369584862514,2.0989573063868368,5.187799683480859,"(10.0, 45.0)",9.459402416554454,0.04,58.0,0.04,0.8742921277890582,0.06064659977703456,True,1.9057081284257444,2020-12-21T06:56:14.310000+00:00,0.9,,
61706681,STAR,ok,114.85183896073417,0.8472628434021315,62.05853239148027,35.020723131846644,1.909308121327924,3.0913108154631024,"(1.0, 8.0)",-79.14816103926583,0.08,10.0,0.01,0.0,0.16253968253968254,True,4.189999461394424,2020-12-23T02:53:26.129000+00:00,0.4,,
61739737,STAR,fail_incidence,322.38970854547455,0.7147733739734679,74.86534714621642,67.57860657436768,2.3437711420146354,5.540756599960696,"(10.0, 45.0)",,,,,,,,,2021-06-27T16:42:02.740000+00:00,0.69,,
61738036,STAR,ok,87.29989961745831,0.6625378227159191,43.80370469138507,25.3781426954107,2.246704511832531,6.118720988628249,"(1.0, 15.0)",-82.70010038254169,0.06,53.0,0.05,-0.9214325798681613,0.15058823529411763,True,2.670578159433206,2021-06-01T06:38:21+00:00,0.47,,
61722551,STAR,ok,90.02690826775833,0.7283852228279393,79.82732673314568,21.817343662145625,2.1069967763137836,2.2776876709855376,"(1.0, 20.0)",-7.97309173224167,0.02,50.0,0.01,0.0,0.06345165238678091,True,0.9492183483541081,2021-04-06T04:13:27.529000+00:00,0.5,,
61722481,STAR,ok,82.21951063597719,0.5472128479965155,80.08887404496305,24.262371702609517,2.1463995284125823,4.673240150033207,"(5.0, 45.0)",-7.780489364022813,0.02,8.0,0.01,0.0,0.060986954055587066,True,0.931792974013158,2021-04-05T21:00:44.110000+00:00,0.53,,
61722086,STAR,ok,94.57365663216319,0.7125951061139365,36.64541758080044,38.14762892682749,1.7871532969355322,2.84610553539202,"(5.0, 45.0)",-81.42634336783681,0.06,8.0,0.01,0.9685730319472645,0.07684587813620071,True,3.3572945366736704,2021-04-02T21:11:38.719000+00:00,1.0,,
61731971,STAR,ok,82.5422107715463,0.7649358036323836,59.70883752376351,20.64128192857896,2.131595317037769,5.191679300863866,"(10.0, 45.0)",76.5422107715463,0.02,14.0,0.01,0.9685730319472645,0.061767441860465115,True,0.9382643994448985,2021-05-12T11:10:54.610000+00:00,0.35,,
61724587,STAR,ok,73.88496993319681,0.6106798481779442,77.63796449489972,20.14859378016493,2.4293692970813945,5.355989609571446,"(1.0, 20.0)",85.88496993319681,0.02,57.0,0.08,0.0,0.0632967032967033,True,0.8232589431350631,2021-05-20T02:02:22.400000+00:00,1.2,,
61734676,STAR,fail_no_result,84.64341637148522,0.7555950786654786,57.44235729078119,24.268747493391444,2.146051461701328,3.7155966320798095,"(1.0, 20.0)",,,,,,,,,2021-05-22T23:41:52.680000+00:00,1.22,,
61729756,STAR,fail_incidence,96.34866257294826,0.823651760693266,35.372851179851736,53.61087456174213,2.1539790853065948,4.509169447369681,"(1.0, 5.0)",,,,,,,,,2021-05-04T10:46:41.439000+00:00,0.95,,
61583207,STAR,ok,81.53501971529676,0.6674790266615775,39.1670082686762,29.002207061997403,2.027504192339713,5.139336599819375,"(5.0, 10.0)",-74.46498028470324,0.1,52.0,0.07,0.0,0.11636363636363636,True,4.932172292309853,2020-03-14T13:19:26.170000+00:00,0.81,,
61566296,STAR,ok,89.64227482767382,0.7213357490224831,52.835134967750996,25.12291757660155,2.101928644945344,3.4765451994716585,"(1.0, 15.0)",-88.35772517232618,0.02,6.0,0.01,1.0,0.09336870026525199,True,0.9515070860324117,2020-01-07T19:29:37.099000+00:00,1.07,,
61564221,STAR,fail_no_result,91.63293514617695,0.5818303668227192,75.62270137324884,22.058793334272735,2.171405263355422,3.3879356411836143,"(5.0, 45.0)",,,,,,,,,2019-12-16T22:12:37.189000+00:00,1.17,,
61565537,STAR,ok,95.42682174221689,0.9283741449141076,61.78240867286996,30.184939200065298,1.9563485971258594,8.826690573369078,"(1.0, 5.0)",-64.57317825778311,0.16,34.0,0.02,0.9116116523516816,0.20779220779220778,True,8.178501532654336,2020-01-01T03:44:56.639000+00:00,0.97,,
61581707,STAR,ok,95.23707624343595,0.5407858182902272,73.82297903804611,23.01214042649981,2.165952241423258,3.863603229655676,"(5.0, 30.0)",89.23707624343595,0.02,15.0,0.01,1.0,0.05506012950971323,True,0.9233813939894584,2020-03-11T00:40:08.760000+00:00,0.99,,
61672987,STAR,ok,83.96291623413528,0.6422560088949142,26.93081879186151,26.357544983845546,2.047190806932716,10.925299556053416,"(3.0, 15.0)",-0.03708376586472184,0.1,54.0,0.09,0.0,0.10813793103448276,True,4.884742529194381,2020-09-16T10:28:49.889000+00:00,0.9,,
61681757,STAR,ok,81.20177510046645,0.5694982377718989,36.464602496381055,18.637059109058274,2.228460084928622,2.8696187765798222,"(5.0, 45.0)",77.20177510046645,0.02,12.0,0.01,0.9685730319472645,0.05953488372093023,True,0.8974807372706702,2020-10-10T11:11:20.719000+00:00,0.37,,
61681747,STAR,ok,80.8631915282122,0.7115307423501718,32.02587322143182,18.28066393882351,2.243834038720354,4.254600058450377,"(5.0, 45.0)",82.8631915282122,0.02,12.0,0.01,1.0,0.060986954055587066,True,0.8913315180567405,2020-10-10T09:01:07.370000+00:00,0.52,,
61691556,STAR,fail_no_result,92.2101367479155,0.5164052854964458,54.6097808638206,25.846119217593895,2.1298059844434767,5.107399247103713,"(5.0, 30.0)",,,,,,,,,2020-10-07T14:25:33.860000+00:00,0.36,,
61631801,STAR,ok,78.5704621223256,0.8553889064142215,30.371818563035365,28.539348165278057,2.3279669125253823,7.660345433150944,"(5.0, 45.0)",-11.429537877674406,0.02,12.0,0.01,0.0,0.07635087719298245,True,0.8591187397205731,2020-05-27T20:04:41.270000+00:00,0.15,,
61615252,STAR,ok,92.06472531675152,0.7996375096958142,57.12123641116975,21.433376865265693,2.1762559029125383,3.7711834669710154,"(10.0, 45.0)",86.06472531675152,0.06,60.0,0.08,0.5285954792089683,0.07338247338247339,True,2.7570287078693494,2020-05-16T13:49:16.910000+00:00,1.19,,
61615197,STAR,ok,96.12146820514397,0.6899097059161148,80.71703890165962,22.7044191145847,2.1235024155875517,4.501133776270308,"(10.0, 45.0)",88.12146820514397,0.02,67.0,0.09,0.9685730319472645,0.06345165238678091,True,0.9418402283505857,2020-05-16T11:08:42.110000+00:00,0.8,,
61656372,STAR,fail_incidence,63.68661860761076,0.5594141397234869,73.45081772015742,48.29922014057253,1.128211539614968,5.92384839246717,"(10.0, 45.0)",,,,,,,,,2020-08-07T13:42:40.070000+00:00,0.0,,
61656362,STAR,fail_incidence,33.22619116969012,0.7087524847484042,59.33788926571614,52.388028159821495,1.0024798089483988,8.176540752512851,"(5.0, 45.0)",,,,,,,,,2020-08-07T11:29:25.779000+00:00,0.12,,
61648107,STAR,ok,92.9005617632887,0.7559009693950156,70.03297636413241,24.2174637502651,2.2489587933719073,4.6702540868492255,"(5.0, 15.0)",86.9005617632887,0.02,5.0,0.01,0.9371460638945291,0.07786175115207374,True,0.889300420218621,2020-07-13T23:46:57.139000+00:00,0.7,,
61905361,STAR,fail_incidence,62.91439967552656,0.8765013254748316,50.867244138809056,68.33608955104428,1.905201938168922,4.759144915709476,"(5.0, 15.0)",,,,,,,,,2023-02-05T11:11:05.980000+00:00,1.58,,
61906091,STAR,ok,84.44153057307284,0.5911480309739862,66.45727855201636,23.876909021864922,1.993512574140517,5.611214862981241,"(1.0, 20.0)",-87.55846942692716,0.02,53.0,0.01,-0.8585786437626906,0.06345165238678091,True,1.0032542688436665,2023-02-11T02:09:08.210000+00:00,0.79,,
61906086,STAR,ok,88.28733084775308,0.7636898110742284,71.58509960355937,22.41780273589775,2.0176929818148044,3.8790255511171234,"(5.0, 15.0)",-87.71266915224692,0.02,8.0,0.01,0.9685730319472645,0.09007407407407406,True,0.991231083235027,2023-02-11T01:46:23.400000+00:00,1.04,,
61905356,STAR,fail_incidence,62.209612911030746,0.8355075783328846,53.99442790714236,70.62532150255039,1.9445157884513735,4.8092359914244645,"(3.0, 15.0)",,,,,,,,,2023-02-05T11:10:56.099000+00:00,1.0,,
61905331,STAR,ok,84.0956877125081,0.6232372821005292,62.14182266926746,24.124567474671437,2.178474119719045,2.0586257434531916,"(1.0, 5.0)",-81.9043122874919,0.12,12.0,0.03,-0.8900056118154259,0.19692307692307692,True,5.508442763390563,2023-02-04T23:42:26.650000+00:00,0.75,,
61916272,STAR,ok,89.59763749274823,0.6587934018683426,75.14189040005157,23.157659974812553,2.0132805559428677,2.5482744439921614,"(3.0, 30.0)",57.597637492748234,0.02,13.0,0.01,0.9685730319472645,0.10811463046757164,True,0.993403524459785,2023-05-16T23:50:15.750000+00:00,1.57,,
61933966,STAR,ok,118.8275276119112,0.7541390586489005,58.90285938394249,25.88431398011995,1.8713949359067812,3.0230263662034416,"(1.0, 5.0)",-67.1724723880888,0.14,7.0,0.01,0.9685730319472645,0.1898901098901099,True,7.481050488798253,2023-06-18T08:37:02.300000+00:00,0.56,,
61919917,STAR,ok,88.5476794677519,0.7039265310011836,69.92536444425497,27.514948940893525,2.0726581240856956,3.8787400703897226,"(1.0, 15.0)",-89.4523205322481,0.02,11.0,0.01,0.8114381916835873,0.0832,True,0.9649444723944779,2023-05-28T17:04:44.750000+00:00,1.0,,
61929691,STAR,ok,85.68428718242392,0.705446059262839,61.04568263579247,25.76989534374826,2.12378490982517,2.980944012376578,"(1.0, 20.0)",-74.31571281757608,0.04,20.0,0.01,0.8114381916835873,0.09249032258064517,True,1.8834298998429553,2023-06-01T10:15:58.959000+00:00,0.92,,
61899027,STAR,ok,82.67816614940233,0.6761293352929645,85.14333618946898,18.879333484414886,2.1022598253636064,3.793056183005059,"(5.0, 45.0)",6.67816614940233,0.04,20.0,0.02,0.0,0.06031042128603104,True,1.902714379897433,2023-02-21T13:13:51.910000+00:00,0.67,,
61899137,STAR,ok,84.04513877107128,0.6448135240960777,60.235306751927425,21.79879758756393,2.0821283656517036,2.852095889226341,"(5.0, 45.0)",-5.954861228928721,0.02,66.0,0.02,0.9685730319472645,0.05759352881698685,True,0.9605555704410197,2023-02-21T20:24:13.469000+00:00,0.69,,
61906096,STAR,ok,86.17395943790325,0.6173540993029727,66.88348905268559,21.62384519317017,2.0369442655451264,4.673918309337219,"(1.0, 15.0)",-87.82604056209675,0.02,51.0,0.01,0.0,0.07693379790940766,True,0.9818628981803588,2023-02-11T02:29:35.489000+00:00,0.74,,
61917331,STAR,ok,84.06960420578841,0.5841381094740017,74.54102898238459,26.404861816693003,2.0605753152879625,7.455424022275171,"(10.0, 45.0)",-5.9303957942115915,0.02,18.0,0.02,0.0,0.060986954055587066,True,0.9706027171933305,2023-04-12T07:41:01.770000+00:00,0.38,,
61813371,STAR,ok,90.39859039074891,0.6005014105911524,67.1240312665783,22.097520242071095,2.214165216748972,6.11017347513377,"(5.0, 45.0)",-85.60140960925109,0.02,53.0,0.01,-0.04341141110973845,0.07320261437908496,True,0.903274961087399,2022-01-29T03:50:34.309000+00:00,0.47,,
61776956,STAR,ok,88.06164316593292,0.5971724918468231,67.72524092356143,21.638866983766558,2.227738665781213,2.210495662310514,"(1.0, 15.0)",10.06164316593292,0.16,12.0,0.02,0.0,0.1803636363636364,True,7.182170981617,2021-09-08T09:22:09.110000+00:00,1.4,,
61254881,STAR,fail_snr,87.92878318507114,0.787172706783998,65.2153084144471,29.170324965467984,2.083404319009907,1.8162682125655858,"(1.0, 15.0)",,,,,,,,,2017-03-05T13:38:26.430000+00:00,1.59,,
61253061,STAR,ok,99.36404827355578,0.6468163631951026,35.51320713157175,26.594403946012545,2.304803485237923,4.756531839489428,"(10.0, 45.0)",15.364048273555781,0.04,60.0,0.08,0.0,0.06345165238678091,True,1.7355058796203977,2017-02-28T06:51:23.740000+00:00,0.36,,
61269147,STAR,fail_no_result,89.18256172423783,0.6892147174839447,60.15855127006731,32.87589776444236,2.30991980515183,4.0304306876262865,"(10.0, 45.0)",,,,,,,,,2017-05-25T04:20:41.259000+00:00,0.59,,
61208221,STAR,fail_no_result,89.67227896145388,0.6171934218722372,56.836170231531874,26.039008245168816,2.1935092316732643,5.293178639171619,"(10.0, 45.0)",,,,,,,,,2016-09-14T10:12:07.890000+00:00,0.47,,
61220027,STAR,ok,97.57148597867933,0.9731532130605235,50.279910734975914,37.63122236084574,1.9836403081652967,6.070531985573944,"(1.0, 5.0)",-62.428514021320666,0.1,46.0,0.02,-0.7957247076572196,0.18285714285714286,True,5.041236538114702,2016-11-26T12:55:36.369000+00:00,1.06,,
61219747,STAR,fail_exception,102.99829765316188,0.5500170719641075,27.921708420623684,13.85503320375003,2.1925204827483533,4.641651758427866,"(1.0, 5.0)",,,,,,,,,2016-11-25T02:32:13.950000+00:00,0.67,unsupported operand type(s) for /: 'NoneType' and 'float',"Traceback (most recent call last):
  File ""/Users/mhemmett/Seismology/mt-rainier/scripts/run_sws_vt_generic.py"", line 168, in process_event
    splitting_obj.perform_sws_analysis(coord_system='LQT', sws_method='EV_and_XC',
    ~~~~~~~~~~~~~~~~~~~~~~~~~~~~~~~~~~^^^^^^^^^^^^^^^^^^^^^^^^^^^^^^^^^^^^^^^^^^^^
                                        cluster_eps=CLUSTER_EPS, cluster_min_samples=CLUSTER_MIN_SAMPLES)
                                        ^^^^^^^^^^^^^^^^^^^^^^^^^^^^^^^^^^^^^^^^^^^^^^^^^^^^^^^^^^^^^^^^^
  File ""/Users/mhemmett/Seismology/mt-rainier/swspy/splitting/split_windowcheck.py"", line 1695, in perform_sws_analysis
    Q_w = self._calc_Q_w(opt_phi, opt_lag, grid_search_results_all_win_XC, tr_T, method=""dbscan"")
  File ""/Users/mhemmett/Seismology/mt-rainier/swspy/splitting/split_windowcheck.py"", line 1385, in _calc_Q_w
    dt_diff = opt_lag_XC / opt_lag_EV
              ~~~~~~~~~~~^~~~~~~~~~~~
TypeError: unsupported operand type(s) for /: 'NoneType' and 'float'
"
61219567,STAR,ok,110.16191649499069,0.6778942359961847,37.17009402618754,24.297612941186472,2.1237179387155694,3.0848344023232226,"(1.0, 5.0)",-63.83808350500931,0.16,29.0,0.06,0.5569422675079605,0.1980952380952381,True,7.5339571740288855,2016-11-23T22:10:16.170000+00:00,0.62,,
61217707,STAR,ok,87.05868340718607,0.5246584850958471,67.10103076203922,20.49416387069113,2.153413259957806,3.2443666381298573,"(1.0, 5.0)",-82.94131659281393,0.12,9.0,0.02,0.0,0.18379487179487178,True,5.572548578174506,2016-11-15T19:26:38.610000+00:00,0.47,,
61045887,STAR,fail_incidence,104.97504425190229,0.532547246172693,50.65082265813127,76.83917189800046,2.035174804986413,4.368230545808,"(10.0, 45.0)",,,,,,,,,2015-07-26T22:22:09.670000+00:00,0.57,,
61060711,STAR,ok,71.87408820899013,0.7149233803016741,48.0059265979353,31.73245416786113,2.1383891352402555,7.2397875541982355,"(5.0, 15.0)",81.87408820899013,0.02,5.0,0.01,1.0,0.09007407407407406,True,0.9352834650346711,2015-07-31T22:27:42.649000+00:00,0.63,,
60978146,STAR,fail_incidence,70.2126250302161,0.8170338376039884,54.714001891221464,46.38296622453308,1.3650599739911182,5.128440289956094,"(10.0, 20.0)",,,,,,,,,2015-03-02T14:34:33.700000+00:00,0.49,,
60954022,STAR,ok,107.65959166800259,0.624985566310094,43.2398075686279,23.04159785071092,2.148163079125785,2.3877523375562886,"(10.0, 20.0)",-68.34040833199741,0.04,78.0,0.09,0.9685730319472645,0.06837606837606837,True,1.8620560230594028,2015-02-08T10:32:32.340000+00:00,0.35,,
60953542,STAR,ok,90.80948480987972,0.6569231094291267,56.98064872199743,36.60445136185362,2.7339369877721396,5.525359712780005,"(1.0, 5.0)",-83.19051519012028,0.04,4.0,0.01,0.5661683776587858,0.20512820512820515,True,1.4630915115785328,2015-02-06T07:56:20.859000+00:00,0.95,,
60952732,STAR,ok,31.417952913414112,0.9109620083417788,43.79376354600615,14.928250843279082,2.396469509551472,6.762890926584774,"(3.0, 5.0)",9.417952913414112,0.16,91.0,0.1,0.0,0.18379487179487178,True,6.676488032178049,2015-02-03T08:13:16.740000+00:00,0.3,,
60952502,STAR,ok,81.88128327078338,0.5422973646707736,42.838873429193725,21.68138102002434,2.1677657599565814,5.063668983441817,"(5.0, 45.0)",27.881283270783385,0.02,20.0,0.01,0.9371460638945291,0.054456140350877195,True,0.9226089077262936,2015-02-02T14:55:09.530000+00:00,0.07,,
60984236,STAR,ok,53.10140150467489,0.8223103851980352,33.79445558234542,23.176487827728565,1.8339330110744458,9.067279982618155,"(1.0, 15.0)",81.1014015046749,0.02,50.0,0.01,-0.9528595479208969,0.08869772998805256,True,1.0905523745538888,2015-03-13T06:27:08.470000+00:00,0.5,,
60979296,STAR,ok,85.68435917337219,0.833873548052777,55.78763325730485,27.247538051301714,2.090519647474419,2.101887066573796,"(5.0, 15.0)",87.68435917337219,0.02,49.0,0.01,0.9371460638945291,0.08296296296296296,True,0.9566999298075113,2015-03-04T14:42:08.160000+00:00,1.45,,
61104792,STAR,fail_no_result,93.24477898207249,0.5733919810913748,49.906212719579656,30.652680217460503,2.2962519220272943,5.237925175315489,"(1.0, 5.0)",,,,,,,,,2016-01-26T06:50:19.779000+00:00,0.62,,
61113221,STAR,ok,83.6585422333955,0.6122697668615156,32.04289531737066,14.892427279490136,2.3470367808476964,9.204934108872703,"(10.0, 45.0)",19.658542233395494,0.04,45.0,0.02,0.0,0.06109090909090909,True,1.704276657545729,2015-12-22T05:03:02.450000+00:00,0.5,,
61094927,STAR,ok,80.12923915293399,0.823996024035681,44.613906842866854,28.065475833450602,2.056823250485994,5.9136368626630125,"(10.0, 45.0)",12.129239152933991,0.04,16.0,0.02,0.0,0.05171717171717171,True,1.9447465887284507,2015-12-02T17:51:50.219000+00:00,0.59,,
61118561,STAR,fail_no_result,95.14101214844425,0.6611281181479463,61.83069024125285,21.472122923357027,2.3436752216883385,8.998476125524547,"(10.0, 45.0)",,,,,,,,,2016-01-12T07:17:20.920000+00:00,0.59,,
61117071,STAR,ok,99.74529447540976,0.6068762902342961,40.77399967812071,36.89957173419862,2.2833314932803894,7.412001936381036,"(1.0, 5.0)",-74.25470552459024,0.06,9.0,0.01,0.9685730319472645,0.19200000000000003,True,2.6277393438742402,2016-01-06T11:01:53.119000+00:00,0.67,,
61116471,STAR,ok,94.72559199800875,0.6240796747153008,53.22940867869491,22.27048623663836,2.3870105141321996,3.9006636412816,"(10.0, 45.0)",78.72559199800875,0.02,91.0,0.1,0.9685730319472645,0.052244897959183675,True,0.8378681150162853,2016-01-04T09:58:37.759000+00:00,0.33,,
61064212,STAR,ok,81.28595171913884,0.6298024049416411,70.0687851006045,22.269609470924834,2.279944929591268,7.6691675158986135,"(1.0, 15.0)",89.28595171913884,0.02,11.0,0.01,0.9057190958417937,0.07133126934984518,True,0.8772141704135572,2015-09-11T23:08:52.090000+00:00,0.85,,
61064417,STAR,ok,105.74954540249257,0.7304949382872721,49.15739679765146,40.31920778971819,1.7107669361784583,4.001311115960093,"(1.0, 5.0)",-50.25045459750743,0.16,21.0,0.02,-0.7482698755501132,0.21333333333333335,True,9.35253052981085,2015-09-12T08:11:56.500000+00:00,1.03,,
61072316,STAR,ok,102.55803241227503,0.7942734397374182,42.60655303664933,24.56944336216464,2.014963085131752,7.055514648345918,"(1.0, 5.0)",-65.44196758772497,0.1,49.0,0.07,0.0,0.19692307692307692,True,4.962870076275433,2015-08-28T01:05:16.570000+00:00,0.3,,
61056657,STAR,ok,85.62149785936124,0.6114999208017959,39.61088339411663,30.141925717416722,2.1923528275511575,4.851488437783052,"(1.0, 5.0)",-86.37850214063876,0.08,11.0,0.03,0.10349615962759595,0.21333333333333335,True,3.649047680402768,2015-08-21T17:01:02.670000+00:00,0.71,,
61090877,STAR,ok,64.54273397166118,0.6202458027568165,37.70410765702491,23.3151875131464,2.458058780959113,4.948910881603971,"(10.0, 45.0)",-1.4572660283388217,0.02,27.0,0.01,0.6857303194726456,0.06564102564102564,True,0.8136501923764482,2015-11-17T18:34:10.639000+00:00,0.72,,
61090567,STAR,fail_no_result,89.69181391163889,0.680451551383044,69.27906446863008,23.865055987125952,2.407318239500554,5.481926581190706,"(10.0, 45.0)",,,,,,,,,2015-11-16T23:01:44.160000+00:00,0.49,,
61105071,STAR,ok,98.76896631578394,0.769738488855477,61.57835976222277,26.111247583869183,2.2103013319425937,2.249514317567637,"(1.0, 20.0)",82.76896631578394,0.02,46.0,0.01,0.4028876069980265,0.07247208931419458,True,0.9048539993604566,2015-11-15T18:24:41.750000+00:00,1.56,,
61094417,STAR,fail_incidence,71.17666727820927,0.8493584370935279,30.688556307081946,71.93390905817638,2.2027556474906453,2.8245197194703833,"(5.0, 15.0)",,,,,,,,,2015-11-28T18:25:34.860000+00:00,0.98,,
61103366,STAR,ok,90.02007109851672,0.6449600503052368,71.78472608110864,23.50104453277656,2.249509587788408,7.050217344225457,"(5.0, 30.0)",-81.97992890148328,0.02,11.0,0.01,0.9685730319472645,0.06464646464646465,True,0.8890826742224683,2015-11-10T04:23:49.079000+00:00,1.07,,
61086841,STAR,fail_rectilinearity,87.56793221096694,0.492000944037549,75.32041701392797,21.004836645296976,2.1672623757597234,4.071607714053843,"(10.0, 45.0)",,,,,,,,,2015-10-02T04:20:48.820000+00:00,0.64,,
61083822,STAR,fail_rectilinearity,78.80235439401747,0.4235128413451795,42.19222119685626,18.01102513540325,2.311051454575332,6.687206945369991,"(1.0, 15.0)",,,,,,,,,2015-10-26T22:25:05.150000+00:00,0.52,,
61537712,STAR,missing_channel,,,,,,,,,,,,,,,,2019-07-22T00:08:35.450000+00:00,0.35,,
61427147,STAR,fail_incidence,112.48312866535066,0.7233748149071728,43.76151239083685,55.071579312032384,1.890776604533126,5.2908765276154845,"(1.0, 5.0)",,,,,,,,,2018-10-07T05:08:56.789000+00:00,0.42,,
61561891,STAR,missing_channel,,,,,,,,,,,,,,,,2019-11-29T07:44:12.940000+00:00,2.11,,
61557741,STAR,missing_channel,,,,,,,,,,,,,,,,2019-10-29T10:58:49.389000+00:00,0.68,,
61557901,STAR,missing_channel,,,,,,,,,,,,,,,,2019-10-30T11:13:16.609000+00:00,0.79,,
61563657,STAR,missing_channel,,,,,,,,,,,,,,,,2019-12-11T10:06:10.810000+00:00,0.6,,
61563732,STAR,missing_channel,,,,,,,,,,,,,,,,2019-12-11T19:16:39.070000+00:00,0.8,,
61563682,STAR,missing_channel,,,,,,,,,,,,,,,,2019-12-11T12:53:28.060000+00:00,0.75,,
61563672,STAR,missing_channel,,,,,,,,,,,,,,,,2019-12-11T10:38:54.219000+00:00,0.6,,
61562321,STAR,missing_channel,,,,,,,,,,,,,,,,2019-12-01T06:00:28.349000+00:00,0.78,,
61550097,STAR,missing_channel,,,,,,,,,,,,,,,,2019-09-11T01:34:15.020000+00:00,0.65,,
61557566,STAR,missing_channel,,,,,,,,,,,,,,,,2019-10-28T19:41:41.340000+00:00,1.53,,
61557571,STAR,missing_channel,,,,,,,,,,,,,,,,2019-10-28T19:43:05.940000+00:00,0.48,,
61557711,STAR,missing_channel,,,,,,,,,,,,,,,,2019-10-29T08:57:49.270000+00:00,1.92,,
61554196,STAR,missing_channel,,,,,,,,,,,,,,,,2019-10-09T11:25:47.689000+00:00,1.53,,
61554191,STAR,missing_channel,,,,,,,,,,,,,,,,2019-10-09T11:24:42.389000+00:00,1.69,,
61309432,STAR,fail_snr,96.21213692150297,0.5841258532114293,42.57654950793219,26.2086726606964,2.21542278877204,1.8600101954309092,"(1.0, 5.0)",,,,,,,,,2017-09-22T11:37:42.020000+00:00,0.45,,
61309382,STAR,ok,95.66884364106971,0.5100354407862269,66.25581274990581,25.907969229172494,2.1990075432711467,2.9338771620777733,"(1.0, 5.0)",-76.33115635893029,0.12,8.0,0.03,0.0,0.18285714285714286,True,5.457007201598467,2017-09-22T03:52:53.889000+00:00,0.92,,
61333241,STAR,ok,119.00201004529809,0.8118584023459781,55.90113851996792,37.25147199777045,2.0963770555205894,11.97484698461532,"(1.0, 5.0)",-66.99798995470191,0.08,7.0,0.03,-0.9842865159736323,0.18285714285714286,True,3.816107402498438,2017-09-24T15:27:38.959000+00:00,1.02,,
61333736,STAR,fail_incidence,110.05074054957541,0.7689490456776342,31.65585220649932,50.71027331857281,2.9750188054333355,4.265657446530061,"(1.0, 5.0)",,,,,,,,,2017-09-25T21:21:55.719000+00:00,0.15,,
61330406,STAR,fail_exception,107.33779763192199,0.8143289889872825,45.18918993426736,21.851827200344044,2.1353179830586386,8.126482897849797,"(3.0, 5.0)",,,,,,,,,2017-09-17T16:05:09.620000+00:00,0.61,unsupported operand type(s) for /: 'NoneType' and 'float',"Traceback (most recent call last):
  File ""/Users/mhemmett/Seismology/mt-rainier/scripts/run_sws_vt_generic.py"", line 168, in process_event
    splitting_obj.perform_sws_analysis(coord_system='LQT', sws_method='EV_and_XC',
    ~~~~~~~~~~~~~~~~~~~~~~~~~~~~~~~~~~^^^^^^^^^^^^^^^^^^^^^^^^^^^^^^^^^^^^^^^^^^^^
                                        cluster_eps=CLUSTER_EPS, cluster_min_samples=CLUSTER_MIN_SAMPLES)
                                        ^^^^^^^^^^^^^^^^^^^^^^^^^^^^^^^^^^^^^^^^^^^^^^^^^^^^^^^^^^^^^^^^^
  File ""/Users/mhemmett/Seismology/mt-rainier/swspy/splitting/split_windowcheck.py"", line 1695, in perform_sws_analysis
    Q_w = self._calc_Q_w(opt_phi, opt_lag, grid_search_results_all_win_XC, tr_T, method=""dbscan"")
  File ""/Users/mhemmett/Seismology/mt-rainier/swspy/splitting/split_windowcheck.py"", line 1385, in _calc_Q_w
    dt_diff = opt_lag_XC / opt_lag_EV
              ~~~~~~~~~~~^~~~~~~~~~~~
TypeError: unsupported operand type(s) for /: 'NoneType' and 'float'
"
61307147,STAR,fail_no_result,89.00537836086852,0.7824426886181772,74.84656558914637,26.652079342826845,2.234472536924357,5.784604491597586,"(10.0, 45.0)",,,,,,,,,2017-09-13T19:36:51.259000+00:00,0.74,,
61307142,STAR,fail_no_result,87.99465972783086,0.6190693145953203,69.14928957421205,24.715472020685883,2.270021418223548,4.572192675918991,"(10.0, 45.0)",,,,,,,,,2017-09-13T19:27:56.549000+00:00,0.83,,
60136608,STAR,fail_no_result,101.50789352915282,0.7092761183296006,82.23859141339985,31.234140561738393,2.3633393778339027,3.8632593611708144,"(1.0, 8.0)",,,,,,,,,2017-09-13T17:33:56.699000+00:00,0.3,,
61307097,STAR,ok,100.56274266612049,0.8111044808428252,46.26457283868046,19.682492743899832,2.281548673183323,3.6107840036213146,"(1.0, 15.0)",84.56274266612049,0.02,55.0,0.01,0.9371460638945291,0.06827880512091039,True,0.8765975600290423,2017-09-13T17:33:51.689000+00:00,-0.27,,
61307817,STAR,fail_exception,111.03012101855346,0.7315344455019226,64.08383063562073,26.022812294074093,2.131143494010624,8.187207472427243,"(1.0, 5.0)",,,,,,,,,2017-09-15T08:18:26.449000+00:00,0.66,unsupported operand type(s) for /: 'NoneType' and 'float',"Traceback (most recent call last):
  File ""/Users/mhemmett/Seismology/mt-rainier/scripts/run_sws_vt_generic.py"", line 168, in process_event
    splitting_obj.perform_sws_analysis(coord_system='LQT', sws_method='EV_and_XC',
    ~~~~~~~~~~~~~~~~~~~~~~~~~~~~~~~~~~^^^^^^^^^^^^^^^^^^^^^^^^^^^^^^^^^^^^^^^^^^^^
                                        cluster_eps=CLUSTER_EPS, cluster_min_samples=CLUSTER_MIN_SAMPLES)
                                        ^^^^^^^^^^^^^^^^^^^^^^^^^^^^^^^^^^^^^^^^^^^^^^^^^^^^^^^^^^^^^^^^^
  File ""/Users/mhemmett/Seismology/mt-rainier/swspy/splitting/split_windowcheck.py"", line 1695, in perform_sws_analysis
    Q_w = self._calc_Q_w(opt_phi, opt_lag, grid_search_results_all_win_XC, tr_T, method=""dbscan"")
  File ""/Users/mhemmett/Seismology/mt-rainier/swspy/splitting/split_windowcheck.py"", line 1385, in _calc_Q_w
    dt_diff = opt_lag_XC / opt_lag_EV
              ~~~~~~~~~~~^~~~~~~~~~~~
TypeError: unsupported operand type(s) for /: 'NoneType' and 'float'
"
61330176,STAR,ok,80.23458698573184,0.728642660633315,20.801389931944247,23.196373173427666,2.2419673718087134,4.307471858322977,"(2.0, 8.0)",22.234586985731838,0.18,23.0,0.01,0.11375392877292145,0.217516339869281,True,8.028662783561586,2017-09-17T01:01:15.360000+00:00,0.88,,
61344306,STAR,ok,51.051254256497685,0.8375170619747094,31.730107025389465,18.094740605164002,1.977194302074536,7.6797264505732095,"(1.0, 15.0)",87.05125425649769,0.02,54.0,0.09,-0.41860109102439425,0.09007407407407406,True,1.0115343736837272,2017-10-23T17:42:49.919000+00:00,0.51,,
61323532,STAR,ok,81.28021356133354,0.6012886107787132,58.30878297504594,29.272906472198226,2.237721816152437,3.4666502698660957,"(1.0, 5.0)",-86.71978643866646,0.08,50.0,0.07,0.0,0.14065934065934066,True,3.575064577846091,2017-10-30T00:57:00.040000+00:00,0.75,,
61307092,STAR,ok,90.66286818216221,0.6884385701608942,42.85783302102554,27.964334717216083,2.2461573220616615,4.898782670522606,"(3.0, 30.0)",-7.337131817837786,0.02,59.0,0.09,0.9371460638945291,0.06091825307950728,True,0.8904095810013329,2017-09-13T17:26:21.639000+00:00,0.11,,
61307077,STAR,ok,89.63923277369578,0.5645978710926349,87.73661882660636,20.846648591949762,2.2654566731058967,5.4987739628021055,"(1.0, 15.0)",83.63923277369578,0.02,50.0,0.01,0.0,0.06837606837606837,True,0.8828242110046798,2017-09-13T15:31:46.029000+00:00,0.85,,
61284512,STAR,ok,91.04095369922538,0.742773320923608,72.19935804980109,25.034112468169038,2.265258848258801,6.2650156455184245,"(10.0, 45.0)",19.040953699225383,0.04,19.0,0.01,0.9371460638945291,0.06416040100250626,True,1.7658026159238327,2017-07-24T12:07:19.459000+00:00,1.1,,
61306951,STAR,ok,72.72372355181771,0.7228305856764293,49.304873618139574,43.24556141107353,4.807523758559978,4.458372868471672,"(1.0, 8.0)",64.72372355181771,0.06,52.0,0.07,-0.8271516757099551,0.1552941176470588,True,1.2480437541919107,2017-07-29T04:08:25.740000+00:00,2.009,,
61306696,STAR,ok,88.79602850641922,0.5607739101927708,54.85412329430132,29.254166531502857,2.2730244598479548,6.139816517039031,"(1.0, 15.0)",86.79602850641922,0.02,7.0,0.01,0.9685730319472645,0.06923976608187134,True,0.8798849441918378,2017-07-28T12:48:33.700000+00:00,0.25,,
61286177,STAR,ok,88.64640363722879,0.5167099093616903,34.86256902651212,15.784320444188557,2.373090933806454,2.7782409149344334,"(1.0, 5.0)",-79.35359636277121,0.12,15.0,0.03,-0.8585786437626906,0.1898901098901099,True,5.056696239090981,2017-07-27T21:30:48.639000+00:00,0.32,,
61283112,STAR,ok,89.71952775281059,0.7594441763661897,62.37959732492268,27.191024776501692,2.4304437093011253,3.0112314626414314,"(1.0, 5.0)",11.719527752810592,0.02,91.0,0.1,0.0,0.14065934065934066,True,0.8228950098067076,2017-07-19T03:24:36.809000+00:00,1.04,,
61281137,STAR,ok,68.7415091737023,0.7691177994959333,20.064649112498994,44.923133362001536,4.8840009810536404,6.261894769798756,"(5.0, 10.0)",-81.2584908262977,0.02,8.0,0.01,1.0,0.13624649859943974,True,0.40950032724369645,2017-07-11T10:42:24.949000+00:00,0.36,,
61303047,STAR,ok,99.57248057986749,0.6837010867610591,33.44235687023194,22.94628265824334,2.0846848063054195,5.486587693457961,"(1.0, 5.0)",-60.42751942013251,0.16,24.0,0.08,-0.7774221595447373,0.21942857142857142,True,7.675021159844294,2017-09-03T21:29:10.380000+00:00,0.45,,
61298872,STAR,fail_no_result,79.44113434822059,0.6466213802495928,33.337036004001575,29.258398749550974,2.215162044132889,5.610575181579804,"(1.0, 5.0)",,,,,,,,,2017-08-25T23:01:45.739000+00:00,0.77,,
61313326,STAR,fail_incidence,62.74797721913236,0.8325827738807692,85.62705755493297,62.461925937728395,2.3932164093005435,4.186812612139439,"(1.0, 8.0)",,,,,,,,,2017-08-13T20:45:25.740000+00:00,0.69,,
61366366,STAR,ok,112.0503262007887,0.6160840434303854,32.83306191149522,25.295605205543257,2.123772258421905,4.92554218492332,"(1.0, 5.0)",-61.9496737992113,0.16,19.0,0.06,0.7334997625832016,0.20779220779220778,True,7.53376447806555,2018-02-01T12:38:44.930000+00:00,0.57,,
61368836,STAR,ok,96.38971023924914,0.6063970626865715,37.573395260915596,29.187558306336637,2.429266035963323,4.435926908967869,"(10.0, 45.0)",30.38971023924914,0.02,17.0,0.01,0.9057190958417937,0.050168498168498166,True,0.8232939375068906,2018-02-13T02:57:52.259000+00:00,0.36,,
61363222,STAR,missing_channel,,,,,,,,,,,,,,,,2018-04-16T20:28:52.949000+00:00,0.79,,
62063111,STAR,ok,85.15506474241259,0.6336637302372112,89.76329438685383,17.865181878898834,2.079749666278573,2.916905079256112,"(5.0, 45.0)",9.155064742412591,0.04,11.0,0.01,0.9685730319472645,0.05688888888888889,True,1.9233083985331043,2024-11-29T16:08:39.419000+00:00,0.47,,
61943867,STAR,ok,85.34458806616415,0.8164077281914233,38.83252332123141,24.050911017612165,2.138248202518312,4.664650397206719,"(1.0, 5.0)",-84.65541193383585,0.1,5.0,0.01,0.0821388254194052,0.20779220779220778,True,4.676725549551519,2023-08-24T15:24:02.760000+00:00,0.44,,
62078977,STAR,fail_no_result,85.27897124413582,0.6235679559553899,59.89731514177994,25.63800036784597,2.018833462456444,2.979954246755769,"(5.0, 45.0)",,,,,,,,,2025-03-31T11:57:03.960000+00:00,1.05,,
61957321,STAR,fail_no_result,84.15494390720166,0.5607678559559339,84.95826229340983,24.966169534230644,2.0804633202201224,5.758962940580318,"(10.0, 45.0)",,,,,,,,,2023-09-05T10:34:10.870000+00:00,0.45,,
61957821,STAR,fail_incidence,96.85761680914595,0.931672071145193,32.516605403601076,60.487395142974044,1.365805271187513,6.67453295560856,"(3.0, 5.0)",,,,,,,,,2023-09-07T05:16:48.969000+00:00,0.08,,
61956551,STAR,ok,85.52563494517335,0.5984868348429402,50.50906996596675,20.86430539505653,2.1699581638967986,9.305927090313904,"(5.0, 45.0)",-0.4743650548266487,0.02,7.0,0.01,0.0,0.05966395663956639,True,0.9216767554672166,2023-09-02T13:46:33.149000+00:00,0.22,,
62051757,STAR,ok,89.19866627276295,0.6313267737486166,42.96011047397107,22.986442319347947,2.0817909356831725,3.116784694105861,"(1.0, 5.0)",-76.80133372723705,0.1,9.0,0.02,-0.7642977396044842,0.1898901098901099,True,4.803556317108444,2024-11-13T20:41:18.359000+00:00,1.14,,
62051937,STAR,ok,104.9884392258859,0.7396465524756715,44.888577500705765,18.912038780997776,2.0453949107568294,3.771749582074582,"(1.0, 5.0)",-1.0115607741141162,0.04,6.0,0.01,-0.5568769643864607,0.19200000000000003,True,1.9556125709337642,2024-11-15T02:32:46.129000+00:00,0.87,,
61959162,STAR,ok,86.5472861948067,0.6312892632173921,48.89296665467306,25.447443195711514,2.347762173155528,5.373999602894369,"(1.0, 15.0)",2.547286194806702,0.02,50.0,0.01,0.0,0.07657142857142857,True,0.8518750420584059,2023-10-25T17:45:22.820000+00:00,0.41,,
61959292,STAR,ok,90.38196941748804,0.6682814464442131,74.25914787616489,22.99979681418274,2.223692121066468,3.480749023209412,"(5.0, 15.0)",10.381969417488037,0.02,3.0,0.01,1.0,0.08030888030888031,True,0.8994050844776178,2023-10-26T06:50:12.219000+00:00,0.81,,
62066816,STAR,fail_exception,102.62080087796235,0.8843362878469515,45.39799924530487,21.39777831136469,1.9690685523165192,6.252965963263863,"(2.0, 8.0)",,,,,,,,,2024-12-08T17:56:01.280000+00:00,0.93,unsupported operand type(s) for /: 'NoneType' and 'float',"Traceback (most recent call last):
  File ""/Users/mhemmett/Seismology/mt-rainier/scripts/run_sws_vt_generic.py"", line 168, in process_event
    splitting_obj.perform_sws_analysis(coord_system='LQT', sws_method='EV_and_XC',
    ~~~~~~~~~~~~~~~~~~~~~~~~~~~~~~~~~~^^^^^^^^^^^^^^^^^^^^^^^^^^^^^^^^^^^^^^^^^^^^
                                        cluster_eps=CLUSTER_EPS, cluster_min_samples=CLUSTER_MIN_SAMPLES)
                                        ^^^^^^^^^^^^^^^^^^^^^^^^^^^^^^^^^^^^^^^^^^^^^^^^^^^^^^^^^^^^^^^^^
  File ""/Users/mhemmett/Seismology/mt-rainier/swspy/splitting/split_windowcheck.py"", line 1695, in perform_sws_analysis
    Q_w = self._calc_Q_w(opt_phi, opt_lag, grid_search_results_all_win_XC, tr_T, method=""dbscan"")
  File ""/Users/mhemmett/Seismology/mt-rainier/swspy/splitting/split_windowcheck.py"", line 1385, in _calc_Q_w
    dt_diff = opt_lag_XC / opt_lag_EV
              ~~~~~~~~~~~^~~~~~~~~~~~
TypeError: unsupported operand type(s) for /: 'NoneType' and 'float'
"
62066401,STAR,ok,84.33290449738786,0.580691469739928,41.11304942714852,22.472175551150926,2.103717295578932,5.4007527890839935,"(1.0, 15.0)",0.3329044973878581,0.02,51.0,0.01,0.0,0.07726126126126126,True,0.9506980829615751,2024-12-06T12:09:08.410000+00:00,0.45,,
62045151,STAR,ok,85.93333916846503,0.5304354148717434,39.67571860049313,22.815886759589894,2.0843773101474463,2.8445524443655295,"(1.0, 15.0)",5.933339168465025,0.02,5.0,0.01,0.0,0.08296296296296296,True,0.9595191764290134,2024-09-11T13:57:38.529000+00:00,0.68,,
62045116,STAR,ok,82.88344569369559,0.642462478665677,50.09470575695908,22.410797943355874,2.0847590830498524,4.941487131753933,"(1.0, 15.0)",6.883445693695592,0.02,49.0,0.01,0.0,0.07726126126126126,True,0.9593434638376268,2024-09-11T12:24:38.770000+00:00,0.43,,
62038142,STAR,fail_incidence,103.1772615790129,0.6653706260645198,53.71054284109906,66.33509008275736,1.6914427084618582,3.2562214696935845,"(10.0, 20.0)",,,,,,,,,2024-09-15T01:47:37.480000+00:00,0.79,,
62058111,STAR,ok,87.84107339893909,0.6625924137524075,42.86212809533146,22.765057549378543,2.04751221147562,5.069738987056762,"(5.0, 15.0)",-86.15892660106091,0.02,4.0,0.01,-0.9842865159736323,0.08413793103448276,True,0.9767951511061425,2024-11-02T15:25:04.500000+00:00,0.69,,
