evid,station,stage,back_azimuth,rectilinearity,incidence_angle_jurkevics,incidence_angle,travel_time_s,snr_horizontal,filter_band,datetime,magnitude,phi,dt,phi_error,dt_error,quality,dominant_period,success,pct_anisotropy
61504478,OBSR,fail_incidence,143.5056459635595,0.9293683277646573,15.559784337836978,83.589912041122,2.5394701265033346,1.737028191657513,"(10.0, 45.0)",2025-07-08T22:01:30.939998627+00:00,0.94,,,,,,,,
61504708,OBSR,fail_incidence,142.13428092027087,0.9202773214898106,20.114954104318937,62.158574310423354,2.7193583624690403,3.2505294799181854,"(3.0, 5.0)",2025-07-08T13:47:33.689998627+00:00,-0.27,,,,,,,,
62134107,OBSR,fail_incidence,142.2059631150515,0.9900959707648329,8.515351869121098,69.12192488333939,2.6598610320939593,3.031497482328944,"(5.0, 10.0)",2025-07-08T08:45:38.549999237+00:00,1.46,,,,,,,,
62134112,OBSR,fail_incidence,142.20341507642328,0.9378907296139778,7.315355390836597,63.31603768120164,2.642468841081818,2.132039943627065,"(1.0, 15.0)",2025-07-08T08:55:07.489999771+00:00,1.38,,,,,,,,
62134132,OBSR,fail_incidence,143.81505388173176,0.860023000887197,34.491373831232025,68.84362556710997,2.6065705066382026,5.863185229745534,"(5.0, 10.0)",2025-07-08T09:22:55.520000458+00:00,0.29,,,,,,,,
62134137,OBSR,fail_incidence,142.9817787730213,0.9741160593012599,19.76892694058209,70.4572188961619,2.646399931675923,3.1469572977426883,"(5.0, 10.0)",2025-07-08T09:25:27.969999313+00:00,1.13,,,,,,,,
62134192,OBSR,fail_incidence,141.87732399305312,0.9206098454624604,9.615464899875892,66.10578262012683,2.635276734370971,2.642841229666766,"(1.0, 15.0)",2025-07-08T09:55:59.479999542+00:00,1.62,,,,,,,,
62134227,OBSR,fail_incidence,142.48399670241304,0.5485847841511757,49.81637566806208,70.04736902944022,2.669054765553432,2.8206419164679057,"(5.0, 15.0)",2025-07-08T10:15:59.739998102+00:00,0.02,,,,,,,,
62134242,OBSR,fail_incidence,140.86969101728732,0.9862099138339251,6.60402055378755,66.056119357252,2.6670797881469257,2.1884943262947765,"(1.0, 15.0)",2025-07-08T10:20:16.979999542+00:00,1.47,,,,,,,,
62134317,OBSR,fail_incidence,141.92440070807984,0.9167958088465185,7.5812187192001455,62.62692868057282,2.6723216135733576,1.7289994709081804,"(2.0, 8.0)",2025-07-08T10:55:08.210000038+00:00,0.48,,,,,,,,
62134332,OBSR,fail_incidence,143.7746884413855,0.8341574327858305,11.099430284472964,71.55019907407042,2.66275650445719,1.73050882099242,"(1.0, 15.0)",2025-07-08T11:05:29.709999084+00:00,0.39,,,,,,,,
62134372,OBSR,fail_incidence,144.0309520272899,0.9363263524338767,11.839143979996827,70.92696480150077,2.6681562024100005,2.2692309821198817,"(1.0, 15.0)",2025-07-08T11:15:11.359999657+00:00,0.61,,,,,,,,
62134432,OBSR,fail_incidence,139.22931441315592,0.9492769935136918,10.109781664844077,61.70390603674708,2.69676554766312,1.9780919888978925,"(1.0, 20.0)",2025-07-08T11:45:43.059997559+00:00,1.35,,,,,,,,
62134582,OBSR,fail_incidence,142.2782679969537,0.8971464445857249,5.294512129971819,70.33423816345798,2.6361310345673994,2.0208317180033863,"(1.0, 5.0)",2025-07-08T12:30:53.189998627+00:00,0.43,,,,,,,,
62134602,OBSR,fail_incidence,142.75855454616715,0.842455666568708,41.88581828871126,81.01169604334687,2.590682929778991,2.3378074747436353,"(3.0, 30.0)",2025-07-08T12:34:33.989998102+00:00,0.48,,,,,,,,
62134612,OBSR,fail_incidence,143.4016319100976,0.9698965953842446,9.027645344750466,69.3510678068316,2.640310006890592,2.400436019428724,"(5.0, 10.0)",2025-07-08T12:47:37.110000610+00:00,0.28,,,,,,,,
62134657,OBSR,fail_incidence,142.9979559638026,0.8894054834878062,22.200016041823485,64.97644329803144,2.686417050670661,1.6776080928228172,"(1.0, 20.0)",2025-07-08T13:01:57.389999390+00:00,0.46,,,,,,,,
62134707,OBSR,fail_incidence,144.56156619379271,0.5513809726567986,20.32998068951588,66.35812481486062,2.740784754687485,1.9871485951170493,"(1.0, 20.0)",2025-07-08T13:15:04.059999943+00:00,0.56,,,,,,,,
62134742,OBSR,fail_incidence,147.274131416611,0.8910515953695662,11.198415387580836,81.05940447628052,2.4638045539439806,2.4583329826080624,"(1.0, 15.0)",2025-07-08T13:43:05.839999676+00:00,0.57,,,,,,,,
62134877,OBSR,fail_incidence,146.8733386695856,0.9312745112171713,15.327708991395657,61.4973999860128,2.672273134131116,1.8133716019066144,"(1.0, 5.0)",2025-07-08T14:50:29.229999542+00:00,1.08,,,,,,,,
62135042,OBSR,fail_incidence,144.19933857669977,0.6284315872026014,25.923752596163673,59.05095339656819,2.5914478762411806,3.6615953855327734,"(1.0, 15.0)",2025-07-08T16:05:45.209999084+00:00,0.16,,,,,,,,
62135152,OBSR,fail_incidence,147.84042318968162,0.6487730686258089,23.316535501023044,57.44568186459772,2.7088989805477697,4.141952162388328,"(1.0, 15.0)",2025-07-08T17:00:34.049999237+00:00,-0.13,,,,,,,,
62135212,OBSR,fail_incidence,149.11855913836774,0.9374385683326427,19.152949278438125,84.95595523869743,2.5753931427704138,2.7093722226096233,"(1.0, 5.0)",2025-07-08T17:26:42.629997253+00:00,0.83,,,,,,,,
62135222,OBSR,fail_incidence,142.58974474227296,0.8811823238392574,18.018701056459122,62.54529384871729,2.536293521525708,1.7180858647538426,"(1.0, 8.0)",2025-07-08T17:32:44.229999542+00:00,0.69,,,,,,,,
62135297,OBSR,fail_incidence,140.80863789966122,0.7805252875725472,10.393818215194534,72.56454535797975,2.5886021798598144,3.6828779978148667,"(2.0, 8.0)",2025-07-08T18:07:59.689998627+00:00,0.79,,,,,,,,
62135462,OBSR,fail_incidence,139.25865724797626,0.7927737599634199,15.220821255858496,61.24807820893696,2.439537760826426,4.376226129104834,"(1.0, 5.0)",2025-07-08T19:44:12.300000191+00:00,0.72,,,,,,,,
62135467,OBSR,fail_incidence,142.95169472936027,0.9735966589707046,5.088420592447574,57.14063122381343,2.47707633065991,5.483740042039983,"(2.0, 8.0)",2025-07-08T19:50:05.679999828+00:00,1.26,,,,,,,,
62135497,OBSR,fail_incidence,147.88697290975585,0.9320277843885756,18.10034009866085,61.01406850796746,2.643243579341648,3.717563890204937,"(1.0, 20.0)",2025-07-08T20:14:08.779999495+00:00,1.02,,,,,,,,
62135572,OBSR,fail_incidence,139.80362418923085,0.884596950595755,6.725868202569586,71.04598088649037,2.651624889215136,2.5905159070097827,"(5.0, 10.0)",2025-07-08T20:52:13.909999847+00:00,0.51,,,,,,,,
62135592,OBSR,fail_incidence,144.83239977710895,0.8141858459359268,9.816313912341728,66.64231666642766,2.496875685588212,1.7293922699155975,"(1.0, 15.0)",2025-07-08T21:02:50.559997559+00:00,0.3,,,,,,,,
62135667,OBSR,fail_incidence,143.63663980330293,0.9331987039627063,11.253080332190715,57.09890489156366,2.488040306421148,2.5426542447246616,"(5.0, 10.0)",2025-07-08T22:01:57.539997101+00:00,1.63,,,,,,,,
62135722,OBSR,fail_incidence,148.01192020615747,0.916442608557806,17.597390084215974,60.17670174851482,2.612277589825771,4.415839193555221,"(3.0, 15.0)",2025-07-08T23:01:23.309999704+00:00,0.47,,,,,,,,
62135742,OBSR,fail_incidence,141.84207377922417,0.8955164001271865,12.656750981082002,67.77778644616987,2.6967751019090573,2.632366758643961,"(5.0, 10.0)",2025-07-08T23:15:12.989999771+00:00,0.69,,,,,,,,
62135792,OBSR,fail_incidence,145.2877040136396,0.9147916272492523,5.587735344473185,64.5756258028755,2.4644473341970903,2.1071942951911553,"(1.0, 8.0)",2025-07-08T23:38:32.599998474+00:00,0.27,,,,,,,,
62135897,OBSR,fail_incidence,149.87708958214714,0.8554824100424923,4.077734691155812,64.46101938172153,2.6449479627887738,6.679761781714968,"(5.0, 10.0)",2025-07-09T00:31:56.319999695+00:00,0.49,,,,,,,,
62135917,OBSR,fail_incidence,146.31101896506453,0.9241145735390155,10.886808476865589,66.548886376239,2.5108813172237414,2.910360704772559,"(5.0, 10.0)",2025-07-09T00:49:47.649997711+00:00,0.73,,,,,,,,
62135967,OBSR,fail_incidence,143.78176864758456,0.9484951447388955,5.626891255673147,68.15520857899331,2.4677711575093113,2.2442762125290394,"(5.0, 10.0)",2025-07-09T01:36:27.010000229+00:00,1.38,,,,,,,,
62135997,OBSR,fail_incidence,148.5220174086835,0.9377407664583058,12.634748333329856,63.3949383607386,2.6046149885477443,3.7452604203765247,"(3.0, 30.0)",2025-07-09T02:23:13.549999237+00:00,0.28,,,,,,,,
62136002,OBSR,fail_incidence,148.1830534336848,0.7888464388108519,35.2820861828837,67.76051367764691,2.6344900713305988,4.880455626487078,"(3.0, 15.0)",2025-07-09T02:28:06.629999638+00:00,0.19,,,,,,,,
62136027,OBSR,fail_incidence,148.30114065083654,0.8698710525753821,11.344141313747075,68.82073587220275,2.5308156475594297,3.052825318827495,"(1.0, 5.0)",2025-07-09T03:06:08+00:00,0.28,,,,,,,,
62136047,OBSR,fail_incidence,144.00698691749662,0.9434598289791073,24.523745735724365,80.0708609852235,2.5444600128775576,1.8147062412183157,"(1.0, 20.0)",2025-07-09T03:54:32.130001068+00:00,0.63,,,,,,,,
62136072,OBSR,fail_incidence,144.87836344416357,0.9210263703112757,13.513208318304049,72.75379101177703,2.6149923856835637,2.1396393066325845,"(1.0, 20.0)",2025-07-09T04:32:20.069999695+00:00,0.57,,,,,,,,
62136212,OBSR,fail_incidence,141.20191739268137,0.9494097129564115,6.124529812137843,60.96626948447348,2.767303406386344,4.5011998049905255,"(1.0, 5.0)",2025-07-09T07:18:01.130000114+00:00,1.39,,,,,,,,
62136277,OBSR,fail_incidence,137.3052600386438,0.9290568284006446,6.243147449345441,51.92857610956809,2.6690999641387396,2.444789408244082,"(10.0, 45.0)",2025-07-09T08:07:06.750000+00:00,0.71,,,,,,,,
62136302,OBSR,fail_incidence,146.3802807678348,0.8930509890469339,23.49058478602928,54.492136327709446,2.664348328552587,1.7340736253397284,"(1.0, 20.0)",2025-07-09T08:46:47.739998102+00:00,0.45,,,,,,,,
62136437,OBSR,fail_incidence,147.49067350985334,0.9231593189216217,6.110069329407437,58.76276933259571,2.5986173213068575,2.266299689894237,"(5.0, 15.0)",2025-07-09T12:28:54.479999542+00:00,0.99,,,,,,,,
62136507,OBSR,fail_incidence,148.72490604405692,0.9386118549369561,16.49317157505006,52.8191735783082,2.7233696101364866,2.2837282441727926,"(1.0, 5.0)",2025-07-09T13:24:28.599998474+00:00,0.58,,,,,,,,
62136702,OBSR,fail_incidence,138.39096885668297,0.9265433010236251,7.597673636976332,51.029522200545394,2.54784956558225,3.48272804967852,"(2.0, 8.0)",2025-07-09T16:11:46.389999390+00:00,0.73,,,,,,,,
62136777,OBSR,fail_incidence,149.65565891389954,0.8867208622793761,33.147184937565534,55.604608310164,2.685673923837361,4.73367094866603,"(1.0, 8.0)",2025-07-09T16:46:00.359999895+00:00,0.58,,,,,,,,
62136872,OBSR,fail_incidence,136.7774350806545,0.9398065106221524,27.32837905990392,50.99145625366348,2.5752159088974516,2.5568400895962693,"(3.0, 15.0)",2025-07-09T18:02:03.349999905+00:00,0.64,,,,,,,,
62136907,OBSR,fail_incidence,147.8557385579044,0.8684674761253974,13.882270339944522,55.65825741227514,2.7107248538975295,2.1563932053123795,"(1.0, 15.0)",2025-07-09T18:28:30.029998779+00:00,0.67,,,,,,,,
62136927,OBSR,fail_incidence,147.31721516651982,0.9286240066688287,11.775695491124546,58.432063422631884,2.6973937124906033,1.6461540646208914,"(1.0, 20.0)",2025-07-09T18:42:21.609998703+00:00,0.59,,,,,,,,
62137112,OBSR,fail_incidence,147.43165614979,0.9423456985798143,8.364921791719125,54.46490631896725,2.7020926909973477,2.9793096327095387,"(1.0, 20.0)",2025-07-09T20:12:29.599998474+00:00,1.04,,,,,,,,
62137497,OBSR,fail_incidence,145.5708023717085,0.8791178749598602,5.1097384139320745,54.40869221471464,2.684639580192234,1.7550471046024532,"(1.0, 20.0)",2025-07-10T00:24:22.209999084+00:00,0.97,,,,,,,,
62137902,OBSR,fail_incidence,148.0789472032147,0.9016589476301676,17.025978773240706,60.844555806782694,2.630354284245293,2.188907634968208,"(1.0, 20.0)",2025-07-10T04:36:30.129999161+00:00,0.26,,,,,,,,
62137907,OBSR,fail_incidence,149.9547320979239,0.8843067693776436,17.035114940863824,52.769155654653765,2.723546471104191,5.597461989473907,"(3.0, 15.0)",2025-07-10T04:38:25.100000381+00:00,0.63,,,,,,,,
62137962,OBSR,fail_incidence,142.3614288487525,0.9122342878469305,2.662944101911123,61.818640819594556,2.6921109201077726,2.5298992057544707,"(1.0, 15.0)",2025-07-10T05:27:08.889999390+00:00,0.35,,,,,,,,
62137972,OBSR,fail_incidence,136.23774824461296,0.7784760042001443,12.701299966720857,64.86179184057812,2.4767910139728144,2.8777954718995113,"(1.0, 8.0)",2025-07-10T05:34:02.539999962+00:00,0.44,,,,,,,,
62138067,OBSR,fail_incidence,135.8694306717273,0.9422956879679116,10.884570087552598,60.09161352103566,2.507609477051213,2.1648807464079836,"(1.0, 8.0)",2025-07-10T07:22:58.819999695+00:00,0.41,,,,,,,,
62138087,OBSR,fail_incidence,137.7511490379805,0.923991863849231,7.183813611275921,69.91599052736862,2.4381997232794093,3.6376951259460846,"(1.0, 8.0)",2025-07-10T07:49:25.869998932+00:00,0.37,,,,,,,,
62138092,OBSR,fail_incidence,136.3545990072046,0.8610894606842766,6.2425510002210745,57.495233100525496,2.539954424618876,3.6113202575316117,"(1.0, 8.0)",2025-07-10T07:54:33.200000763+00:00,0.52,,,,,,,,
62138157,OBSR,fail_incidence,147.94092847282434,0.9244151794231239,34.42420851731581,52.2700766423746,2.5818276539780682,3.132607269167121,"(5.0, 10.0)",2025-07-10T09:40:26.819999695+00:00,0.37,,,,,,,,
62138232,OBSR,fail_incidence,140.75263518843772,0.868108607976092,10.622613720069841,62.35297552746734,2.7153819443529263,3.4971194996304655,"(2.0, 8.0)",2025-07-10T11:29:20.100000381+00:00,0.62,,,,,,,,
62138242,OBSR,fail_incidence,140.75874603550162,0.9360611755808038,3.060779029909178,61.486232073073936,2.8058685443143916,2.6192312508055795,"(1.0, 8.0)",2025-07-10T11:32:56.639999390+00:00,0.28,,,,,,,,
62138257,OBSR,fail_incidence,147.102200193213,0.9252832997797429,8.222421915784954,55.1329760492529,2.6419893824984446,1.7518332445863463,"(1.0, 15.0)",2025-07-10T12:25:27.840000153+00:00,0.63,,,,,,,,
62138287,OBSR,fail_incidence,146.55807143701935,0.9371894829515645,5.742891972940975,72.76653771784657,2.716481730188583,2.732032042483365,"(1.0, 20.0)",2025-07-10T13:03:40.529998779+00:00,0.39,,,,,,,,
62138442,OBSR,fail_incidence,148.1535357374578,0.7726185573953047,18.803634198149414,50.38816654621596,2.716073505509112,3.1305723815442903,"(5.0, 30.0)",2025-07-10T16:06:29.449998856+00:00,0.17,,,,,,,,
62138667,OBSR,fail_incidence,139.390995185397,0.9507831431856174,12.67391590423704,47.36561920169086,2.7361600129817027,3.5663904170459717,"(3.0, 5.0)",2025-07-10T19:00:19.829999924+00:00,0.78,,,,,,,,
62138687,OBSR,fail_incidence,139.96216470972382,0.8745591037119747,11.237651594542651,49.11793513977855,2.6947703448485787,3.4876013382488495,"(3.0, 5.0)",2025-07-10T19:08:22.139999390+00:00,0.67,,,,,,,,
62138692,OBSR,fail_incidence,138.70626072123463,0.9810351469715074,3.7158194424360937,53.424743497707304,2.688731201525564,3.754114890685597,"(1.0, 5.0)",2025-07-10T19:08:31+00:00,1.16,,,,,,,,
62138697,OBSR,fail_incidence,148.20057348269455,0.9313442258634586,12.698611968725604,56.989205448801044,2.7031752781309915,4.100663084848023,"(1.0, 8.0)",2025-07-10T19:09:19.119998932+00:00,0.89,,,,,,,,
62138707,OBSR,fail_incidence,138.39926889764942,0.9553803304417854,7.690394235306546,46.5365422345514,2.7217555016177726,2.7114118647113172,"(10.0, 45.0)",2025-07-10T19:15:02.429999828+00:00,0.6,,,,,,,,
62139062,OBSR,fail_incidence,150.27845643076475,0.8248887744797451,19.809301810215402,83.4145700277352,2.471494136823081,4.807933807044007,"(5.0, 15.0)",2025-07-10T23:07:37.829998016+00:00,0.37,,,,,,,,
62139162,OBSR,fail_no_result,141.10225035022773,0.9593601970477115,8.23555320584064,41.939614760494386,3.0648238668563295,4.212821975619962,"(1.0, 15.0)",2025-07-11T00:11:33.369998932+00:00,1.22,,,,,,,,
62139417,OBSR,fail_incidence,139.32572314426343,0.9643814055305439,7.882757841564018,62.7065546658918,2.351552871015335,4.120550774058774,"(5.0, 10.0)",2025-07-11T08:12:41.129997253+00:00,0.74,,,,,,,,
62139507,OBSR,fail_incidence,149.07567875672103,0.9322125712038803,11.647477560485733,57.02700855824685,2.7351137410426647,2.979252184414347,"(1.0, 8.0)",2025-07-11T12:15:29.789999008+00:00,0.27,,,,,,,,
62139592,OBSR,fail_incidence,143.2834809796873,0.9427111059872242,12.36555702333187,58.98606021025555,2.7621223153426713,2.139581984683472,"(1.0, 15.0)",2025-07-11T14:58:29.629999161+00:00,0.32,,,,,,,,
62139722,OBSR,fail_incidence,142.16286137956598,0.9766483391315391,8.801695631582831,67.88241655749458,2.6346977794823494,3.5962321839701143,"(5.0, 10.0)",2025-07-11T19:16:52.529998779+00:00,0.46,,,,,,,,
62139947,OBSR,fail_incidence,142.89897801579207,0.9099043148286702,7.528194125815896,62.342502658530115,2.76488912409571,2.221692074086098,"(1.0, 15.0)",2025-07-11T23:35:13.899999619+00:00,0.72,,,,,,,,
62139957,OBSR,fail_incidence,138.75482266580858,0.9125547170397783,3.614896367207586,63.350662892903486,2.699755021875723,4.195211040549281,"(3.0, 15.0)",2025-07-11T23:50:22.920000076+00:00,0.87,,,,,,,,
62140012,OBSR,fail_incidence,147.90706312654694,0.941495675146516,7.563180448346267,68.90607105512845,2.4873505145107604,2.473853925106241,"(3.0, 5.0)",2025-07-12T01:25:25.909999847+00:00,0.27,,,,,,,,
62140157,OBSR,fail_incidence,144.29109411778387,0.8919426588982454,14.671603020608936,74.73297859822907,2.639255660028991,1.5491528419617349,"(3.0, 30.0)",2025-07-12T06:20:26.840000153+00:00,0.44,,,,,,,,
62140182,OBSR,fail_incidence,142.51470158190386,0.9606265205788064,5.19077152086642,63.94480928715054,2.5814417063336603,2.0729724266096667,"(1.0, 8.0)",2025-07-12T08:36:56.500000+00:00,0.48,,,,,,,,
62140212,OBSR,fail_incidence,147.13383555132728,0.9458054558924385,6.783599359557922,60.49073496990295,2.6886783854273877,2.117833851593847,"(1.0, 20.0)",2025-07-12T10:01:36.250000+00:00,0.38,,,,,,,,
62140277,OBSR,fail_incidence,146.60205603541672,0.9793274830652149,7.516818825976218,53.19236915850395,2.7748332080118367,2.824289747942638,"(1.0, 8.0)",2025-07-12T12:40:09.679999352+00:00,1.14,,,,,,,,
62140302,OBSR,fail_incidence,146.9630028724128,0.8516278336249627,2.0711622078827796,49.550576921430164,2.6504640735360057,1.9958182895199408,"(1.0, 15.0)",2025-07-12T13:40:36.130001068+00:00,0.44,,,,,,,,
62140327,OBSR,fail_incidence,148.7520685739358,0.9420054074269196,5.550658309941021,60.77952724557779,2.7155729684508234,3.422323544373566,"(5.0, 15.0)",2025-07-12T14:34:30.599998474+00:00,0.42,,,,,,,,
62140357,OBSR,fail_incidence,150.65394942035442,0.924987137079482,11.605238795216222,53.23104688693442,2.7709044541150654,3.2446425727103985,"(1.0, 15.0)",2025-07-12T15:25:27.049999237+00:00,0.24,,,,,,,,
62140392,OBSR,fail_incidence,139.65341722996104,0.9367882393813157,8.177929203994045,56.76443507112835,2.705318360783813,2.2620005337962943,"(3.0, 5.0)",2025-07-12T16:31:25.619998932+00:00,0.48,,,,,,,,
62140422,OBSR,fail_incidence,148.25503242992818,0.9737945942749788,7.080596066445455,59.27983660995687,2.71209596075009,2.7510720518890044,"(5.0, 30.0)",2025-07-12T17:46:25.100000381+00:00,0.86,,,,,,,,
62140442,OBSR,fail_incidence,149.61251274774284,0.9309732920612417,11.56794929115109,54.40573976424358,2.7598736025205017,2.9124259470944294,"(1.0, 15.0)",2025-07-12T18:19:46.689998627+00:00,0.23,,,,,,,,
62140447,OBSR,fail_incidence,150.35321625195868,0.8358120014216365,11.798776988487877,59.29691794720255,2.702222926366977,3.646177205972782,"(1.0, 8.0)",2025-07-12T18:28:30.879999161+00:00,0.23,,,,,,,,
62140562,OBSR,fail_incidence,144.326043347323,0.9349924164782466,8.443800381380521,63.046488128092186,2.631437917083567,1.9519272576261315,"(3.0, 5.0)",2025-07-12T21:17:29.510000229+00:00,0.61,,,,,,,,
62140567,OBSR,fail_incidence,146.95704795190406,0.9172739261384188,5.965446763102077,58.62105884738916,2.715700389865023,2.7791670386951646,"(3.0, 15.0)",2025-07-12T21:31:40.719997406+00:00,0.34,,,,,,,,
62140647,OBSR,fail_incidence,141.09508272962097,0.7911593270947479,5.4695169003988156,66.63337538808577,2.724236804606518,2.438557688794699,"(1.0, 20.0)",2025-07-12T23:54:12.159999847+00:00,0.41,,,,,,,,
62140672,OBSR,fail_incidence,148.17437766063503,0.9533739673775373,9.320834291372668,67.34490910755899,2.647683324720226,2.234423150508695,"(3.0, 30.0)",2025-07-13T00:45:12.799999237+00:00,0.36,,,,,,,,
62140687,OBSR,fail_incidence,142.57387510282115,0.8035725936611016,7.84588057760737,63.753193668868214,2.6521860974112252,3.721710315169352,"(3.0, 30.0)",2025-07-13T01:02:00.859999895+00:00,0.59,,,,,,,,
62140702,OBSR,fail_incidence,147.99575106238154,0.8789486303298167,15.118493041500471,60.04531629333106,2.702096446771196,2.1456566252258362,"(1.0, 15.0)",2025-07-13T02:17:30.409999847+00:00,0.38,,,,,,,,
62140732,OBSR,fail_incidence,150.4168998418022,0.8731532858515578,14.752507429295314,68.08028886883977,2.5936048910285185,2.4749292623168913,"(1.0, 8.0)",2025-07-13T02:44:20.520000458+00:00,0.33,,,,,,,,
62140757,OBSR,fail_incidence,146.44295644259495,0.9390918918353891,11.092573612790346,59.90651854621509,2.6820116339184814,2.6431560739795703,"(1.0, 5.0)",2025-07-13T03:45:46.789997101+00:00,1.0,,,,,,,,
62141177,OBSR,ok,149.21834097096132,0.9260118200708229,18.460065563169938,41.79239408006648,2.944885290012354,2.5125215728149466,"(1.0, 8.0)",2025-07-13T18:52:35.899997711+00:00,0.35,-48.78165902903868,0.12,29.0,0.02,-0.5220930407198541,0.16141871921182266,True,4.0748616052035285
62141642,OBSR,fail_incidence,147.40652375178684,0.8990328565749056,4.512730678721064,59.20832555136382,2.685001119184253,1.7265316926078609,"(1.0, 20.0)",2025-07-14T08:11:32.069999695+00:00,0.31,,,,,,,,
62141717,OBSR,fail_incidence,149.53491461549515,0.9071057367057447,5.792565380562156,56.75429431568399,2.7852081419287638,2.9630442004040156,"(1.0, 15.0)",2025-07-14T09:50:52.590000153+00:00,0.54,,,,,,,,
62141817,OBSR,fail_incidence,139.0979033596781,0.8185553170366021,11.662744081571972,61.426846281402746,2.764206650626909,4.331520044009038,"(1.0, 15.0)",2025-07-14T13:25:30.760000229+00:00,1.09,,,,,,,,
62141822,OBSR,fail_incidence,148.21128374783345,0.8861395427988179,10.280836304971979,50.21121421752945,2.820588599790913,2.7662630637179033,"(5.0, 15.0)",2025-07-14T13:29:43.950000763+00:00,0.72,,,,,,,,
62141867,OBSR,fail_incidence,147.1027546299102,0.9856671729508582,7.176133505668999,54.151449565423164,2.788077398365853,2.3343794695942996,"(1.0, 15.0)",2025-07-14T15:27:50+00:00,0.88,,,,,,,,
62142007,OBSR,fail_incidence,149.1647378994792,0.9383634491198799,5.903376454397466,55.36240966325629,2.7614521512314734,2.1956371353596116,"(1.0, 20.0)",2025-07-14T19:18:50.279998779+00:00,0.54,,,,,,,,
62142047,OBSR,fail_incidence,142.6491947502792,0.9405356978436109,5.652110939089544,64.41517764220197,2.6884594929885006,2.0816631153154654,"(1.0, 5.0)",2025-07-14T19:42:47.349998474+00:00,0.78,,,,,,,,
62142412,OBSR,fail_incidence,149.75182364923893,0.9455247144284415,9.762443322266954,57.022177077987735,2.7479617425483474,1.9828902342063193,"(5.0, 30.0)",2025-07-14T23:46:33.569999695+00:00,0.28,,,,,,,,
62143287,OBSR,fail_incidence,139.24543064209973,0.946622701155734,12.224535489840834,45.807894614447896,2.7722991246527795,2.7508675218579097,"(3.0, 5.0)",2025-07-15T16:24:42.520000458+00:00,0.78,,,,,,,,
62143587,OBSR,fail_incidence,142.25828985281012,0.9437442361073695,5.774084083771536,65.40742737045055,2.7178150516126993,1.591532379219451,"(10.0, 45.0)",2025-07-15T21:39:26.629999161+00:00,0.72,,,,,,,,
62143622,OBSR,fail_incidence,149.9547320979239,0.989874767194724,9.267397209188537,59.62684791668901,2.671034730160867,2.9694758602398625,"(1.0, 5.0)",2025-07-15T22:12:20.100000381+00:00,1.12,,,,,,,,
62143982,OBSR,fail_incidence,148.1586715759381,0.9523837174776902,7.488358418938839,58.108472788318686,2.5709915896040387,3.068488107585178,"(2.0, 8.0)",2025-07-16T02:28:39.899997711+00:00,0.74,,,,,,,,
62144197,OBSR,fail_incidence,149.69728999193134,0.9196508275347262,9.959796154300962,61.95740703766821,2.614256211484628,2.687881369233175,"(3.0, 5.0)",2025-07-16T10:37:09.829999924+00:00,0.22,,,,,,,,
62144232,OBSR,fail_incidence,134.47002651280138,0.7081598188657299,33.66699876846091,70.96859726527532,2.2990884138331356,2.211483647150749,"(1.0, 5.0)",2025-07-16T11:44:14.359999657+00:00,-0.19,,,,,,,,
62144252,OBSR,fail_incidence,147.46402056489706,0.956779382796062,8.560752798377738,61.01241158255205,2.7087094681824735,1.7185110606701417,"(3.0, 30.0)",2025-07-16T12:02:33.259998322+00:00,0.32,,,,,,,,
62144332,OBSR,fail_incidence,135.50266084387204,0.9019329255874416,5.995326856037117,66.86152268761558,2.466625020188363,2.8514736678045565,"(5.0, 10.0)",2025-07-16T14:16:25.739999771+00:00,0.62,,,,,,,,
62144522,OBSR,fail_incidence,139.21258085290756,0.8927560080374306,29.24315823379241,59.21139817856145,2.7673086169691623,4.005293173041599,"(1.0, 5.0)",2025-07-16T18:28:19.789999008+00:00,0.85,,,,,,,,
62144672,OBSR,fail_incidence,121.60317109428605,0.9848970690663851,2.6822857192357428,85.35299742179038,2.1674892910429686,2.2216166994198936,"(5.0, 15.0)",2025-07-17T01:49:02.339999914+00:00,0.96,,,,,,,,
62144777,OBSR,fail_incidence,148.61459378822641,0.9887945817404737,8.891727729244474,73.06798309212284,2.5333145399253936,2.0803445876751003,"(10.0, 45.0)",2025-07-17T06:39:19.579999924+00:00,0.94,,,,,,,,
62145102,OBSR,fail_incidence,146.82348049466833,0.8869266135003411,13.324489481188564,62.5259905633647,2.613720718707885,1.805669540011031,"(3.0, 30.0)",2025-07-17T21:11:40.189998627+00:00,0.42,,,,,,,,
62145382,OBSR,fail_incidence,141.61295431559014,0.9583178347817943,11.721794854122555,60.677526200781244,2.7571276975690195,2.05179316948541,"(1.0, 5.0)",2025-07-18T14:08:00.920000076+00:00,0.53,,,,,,,,
62145712,OBSR,fail_incidence,146.56585857409368,0.9391066328196811,8.024101667011987,52.77410806624134,2.671194039542649,2.1703932297967077,"(5.0, 10.0)",2025-07-18T21:12:14.779999495+00:00,0.73,,,,,,,,
62146307,OBSR,fail_incidence,143.1415242927193,0.921190354346701,12.876823419416187,71.10197622115241,2.622482656153779,3.077412781205576,"(3.0, 5.0)",2025-07-19T09:59:20.069999695+00:00,0.54,,,,,,,,
62146512,OBSR,fail_incidence,149.390580548271,0.9568956828581107,6.669257074876167,71.5692477354933,2.5727688251833696,1.8638993601068572,"(3.0, 5.0)",2025-07-19T17:30:47.789997101+00:00,0.94,,,,,,,,
62146737,OBSR,fail_incidence,145.28931792295614,0.9519230507233701,9.08699105580034,59.44654377521025,2.5123794779874298,2.353780239722514,"(3.0, 5.0)",2025-07-19T19:46:28.289999008+00:00,0.96,,,,,,,,
62147712,OBSR,fail_incidence,129.96845540056188,0.9693534935208925,5.1000116434185285,81.54174613628885,2.0017671847263334,2.635534210016663,"(2.0, 8.0)",2025-07-21T11:00:39.379997253+00:00,1.16,,,,,,,,
62150637,OBSR,fail_incidence,147.81928888217595,0.9769419667825251,9.004052769646451,63.899745642783884,2.4979223153465493,1.4180834366211332,"(1.0, 20.0)",2025-07-25T20:40:20.109998703+00:00,1.49,,,,,,,,
62151122,OBSR,fail_incidence,145.39237096842967,0.9581503821901185,9.559703260486367,56.49069197833935,2.6633756112474267,3.3992779922884093,"(1.0, 5.0)",2025-07-26T06:28:39.239998102+00:00,0.67,,,,,,,,
62152357,OBSR,fail_incidence,143.9822144475621,0.9755586486450628,7.790272270659308,77.19389863737068,2.5267511874317665,2.920335330429645,"(2.0, 8.0)",2025-07-28T02:16:12.579999924+00:00,1.21,,,,,,,,
62154502,OBSR,fail_incidence,142.450533772321,0.9338026522713632,7.65972288674358,60.25620451105139,2.75637572300265,1.4817880374233785,"(1.0, 5.0)",2025-07-31T12:59:12.489999771+00:00,1.05,,,,,,,,
62155587,OBSR,fail_incidence,133.82603734238802,0.8219612609948571,11.677500575275214,60.30599046652512,2.6349471898769012,4.354973328532459,"(5.0, 10.0)",2025-08-01T14:41:08.069999695+00:00,0.37,,,,,,,,
62155592,OBSR,fail_incidence,133.5448194656679,0.8926426457798244,4.715529848448608,63.04407542750442,2.5670453608205577,4.486035290516584,"(5.0, 10.0)",2025-08-01T14:53:04.819999695+00:00,0.42,,,,,,,,
62156401,OBSR,fail_incidence,137.8616169111469,0.9380986595378629,11.38549952333603,60.39769853991815,2.694353141201945,1.792691308960007,"(5.0, 30.0)",2025-07-22T02:52:50.989998102+00:00,0.53,,,,,,,,
62156556,OBSR,fail_incidence,141.72864074967424,0.9760270731139422,5.282463070473192,53.06852627407388,2.856285006250408,1.6137669864750768,"(1.0, 5.0)",2025-07-22T13:54:28.599998474+00:00,0.61,,,,,,,,
62156721,OBSR,fail_incidence,142.45467708303184,0.8638646301819214,9.748620502003156,63.122524103191274,2.6774818823618425,2.6679441668745336,"(5.0, 10.0)",2025-07-22T18:10:36.200000763+00:00,0.27,,,,,,,,
62156821,OBSR,fail_incidence,135.50717092372355,0.8856518444227115,6.99706935887109,67.93159746862938,2.792332604512908,2.568927113571398,"(5.0, 10.0)",2025-07-22T20:32:26.309999704+00:00,0.44,,,,,,,,
62169766,OBSR,fail_incidence,134.24941610291057,0.8884771741563596,6.841410351174605,78.1570674914324,2.3881869346752,2.4184061847036524,"(3.0, 5.0)",2025-08-12T12:15:38.939998627+00:00,0.48,,,,,,,,
62177106,OBSR,fail_incidence,139.91461186751815,0.9232193319591547,16.01548078849368,77.69669194823791,1.871030772313353,3.7566297628534047,"(1.0, 5.0)",2025-08-27T16:35:08.260000229+00:00,0.29,,,,,,,,
